Workbook
Name ListaFiltrada: OFFSET(Lista!$D$2,0,0,MAX(1,MAX(Lista!$B$2:$B$647)),1)

Sheet Calculadora
B2: Calculadora nutricional (Tabla INTA 2018)
B4: Producto (escribe parte del nombre): | C4: Leche en polvo 26% MG con Vit. D | G4: Cómo usarla: | H4: =IFERROR(MATCH(C4,Datos!$C$2:$C$648,0),0) -> 15
B5: Gramos que necesitas: | C5: 100 | D5: g | G5: 1. Haz clic en la celda amarilla C4, escribe parte del nombre (ej.: olvo) y presiona Enter.
B6: Grupo / Fuente: | C6: =IF($H$4=0,"⚠ Abre la lista de C4 y elige un producto",INDEX(Datos!$B$2:$B$648,$H$4)&" · Fuente "&INDEX(Datos!$D$2:$D$648,$H$4)) -> Leche y Derivados · Fuente 1 | G6: 2. Vuelve a seleccionar C4 y abre la flecha ▼: solo aparecen los productos que contienen ese texto.
G7: 3. Elige el producto. La columna 'Por 100 g' muestra los valores de la tabla.
B8: Componente | C8: Unidad | D8: Por 100 g | E8: ="Por "&$C$5&" g" -> Por 100 g | F8: Origen | G8: 4. Escribe los gramos en C5 (por defecto 100): la última columna se ajusta proporcionalmente.
B9: Energía | C9: kcal | D9: =IF($H$4=0,"",INDEX(Datos!$E$2:$E$648,$H$4)) -> 496 | E9: =IF(ISNUMBER(D9),D9*$C$5/100,D9) -> 496 | F9: =IF($H$4=0,"",IF(COUNTIFS('Valores completados'!$A$2:$A$6021,$C$4,'Valores completados'!$B$2:$B$6021,B9)>0,"≈ estimado (USDA)",IF(ISNUMBER(D9),"Tabla INTA",""))) -> Tabla INTA | G9: Para buscar otro producto, vuelve a escribir en C4 sobre el nombre actual.
B10: Humedad | C10: g | D10: =IF($H$4=0,"",INDEX(Datos!$F$2:$F$648,$H$4)) -> 2.5 | E10: =IF(ISNUMBER(D10),D10*$C$5/100,D10) -> 2.5 | F10: =IF($H$4=0,"",IF(COUNTIFS('Valores completados'!$A$2:$A$6021,$C$4,'Valores completados'!$B$2:$B$6021,B10)>0,"≈ estimado (USDA)",IF(ISNUMBER(D10),"Tabla INTA",""))) -> Tabla INTA | G10: S/I = sin información (no se puede calcular). Valores de bebidas/líquidos son por 100 ml.
B11: Cenizas | C11: g | D11: =IF($H$4=0,"",INDEX(Datos!$G$2:$G$648,$H$4)) -> 6.1 | E11: =IF(ISNUMBER(D11),D11*$C$5/100,D11) -> 6.1 | F11: =IF($H$4=0,"",IF(COUNTIFS('Valores completados'!$A$2:$A$6021,$C$4,'Valores completados'!$B$2:$B$6021,B11)>0,"≈ estimado (USDA)",IF(ISNUMBER(D11),"Tabla INTA",""))) -> Tabla INTA
B12: Proteínas | C12: g | D12: =IF($H$4=0,"",INDEX(Datos!$H$2:$H$648,$H$4)) -> 26.3 | E12: =IF(ISNUMBER(D12),D12*$C$5/100,D12) -> 26.3 | F12: =IF($H$4=0,"",IF(COUNTIFS('Valores completados'!$A$2:$A$6021,$C$4,'Valores completados'!$B$2:$B$6021,B12)>0,"≈ estimado (USDA)",IF(ISNUMBER(D12),"Tabla INTA",""))) -> Tabla INTA
B13: H de C disponibles | C13: g | D13: =IF($H$4=0,"",INDEX(Datos!$I$2:$I$648,$H$4)) -> 38.4 | E13: =IF(ISNUMBER(D13),D13*$C$5/100,D13) -> 38.4 | F13: =IF($H$4=0,"",IF(COUNTIFS('Valores completados'!$A$2:$A$6021,$C$4,'Valores completados'!$B$2:$B$6021,B13)>0,"≈ estimado (USDA)",IF(ISNUMBER(D13),"Tabla INTA",""))) -> Tabla INTA
B14: Azúcares totales | C14: g | D14: =IF($H$4=0,"",INDEX(Datos!$J$2:$J$648,$H$4)) -> 38.4 | E14: =IF(ISNUMBER(D14),D14*$C$5/100,D14) -> 38.4 | F14: =IF($H$4=0,"",IF(COUNTIFS('Valores completados'!$A$2:$A$6021,$C$4,'Valores completados'!$B$2:$B$6021,B14)>0,"≈ estimado (USDA)",IF(ISNUMBER(D14),"Tabla INTA",""))) -> Tabla INTA
B15: Fibra dietética total | C15: g | D15: =IF($H$4=0,"",INDEX(Datos!$K$2:$K$648,$H$4)) -> 0 | E15: =IF(ISNUMBER(D15),D15*$C$5/100,D15) -> 0 | F15: =IF($H$4=0,"",IF(COUNTIFS('Valores completados'!$A$2:$A$6021,$C$4,'Valores completados'!$B$2:$B$6021,B15)>0,"≈ estimado (USDA)",IF(ISNUMBER(D15),"Tabla INTA",""))) -> Tabla INTA
B16: Lípidos totales | C16: g | D16: =IF($H$4=0,"",INDEX(Datos!$L$2:$L$648,$H$4)) -> 26.7 | E16: =IF(ISNUMBER(D16),D16*$C$5/100,D16) -> 26.7 | F16: =IF($H$4=0,"",IF(COUNTIFS('Valores completados'!$A$2:$A$6021,$C$4,'Valores completados'!$B$2:$B$6021,B16)>0,"≈ estimado (USDA)",IF(ISNUMBER(D16),"Tabla INTA",""))) -> Tabla INTA
B17: Ác. grasos saturados | C17: g | D17: =IF($H$4=0,"",INDEX(Datos!$M$2:$M$648,$H$4)) -> 16.74 | E17: =IF(ISNUMBER(D17),D17*$C$5/100,D17) -> 16.74 | F17: =IF($H$4=0,"",IF(COUNTIFS('Valores completados'!$A$2:$A$6021,$C$4,'Valores completados'!$B$2:$B$6021,B17)>0,"≈ estimado (USDA)",IF(ISNUMBER(D17),"Tabla INTA",""))) -> Tabla INTA
B18: Ác. grasos monoinsaturados | C18: g | D18: =IF($H$4=0,"",INDEX(Datos!$N$2:$N$648,$H$4)) -> 7.92 | E18: =IF(ISNUMBER(D18),D18*$C$5/100,D18) -> 7.92 | F18: =IF($H$4=0,"",IF(COUNTIFS('Valores completados'!$A$2:$A$6021,$C$4,'Valores completados'!$B$2:$B$6021,B18)>0,"≈ estimado (USDA)",IF(ISNUMBER(D18),"Tabla INTA",""))) -> Tabla INTA
B19: Ác. grasos poliinsaturados | C19: g | D19: =IF($H$4=0,"",INDEX(Datos!$O$2:$O$648,$H$4)) -> 0.67 | E19: =IF(ISNUMBER(D19),D19*$C$5/100,D19) -> 0.67 | F19: =IF($H$4=0,"",IF(COUNTIFS('Valores completados'!$A$2:$A$6021,$C$4,'Valores completados'!$B$2:$B$6021,B19)>0,"≈ estimado (USDA)",IF(ISNUMBER(D19),"Tabla INTA",""))) -> Tabla INTA
B20: Ác. grasos trans | C20: g | D20: =IF($H$4=0,"",INDEX(Datos!$P$2:$P$648,$H$4)) -> S/I | E20: =IF(ISNUMBER(D20),D20*$C$5/100,D20) -> S/I | F20: =IF($H$4=0,"",IF(COUNTIFS('Valores completados'!$A$2:$A$6021,$C$4,'Valores completados'!$B$2:$B$6021,B20)>0,"≈ estimado (USDA)",IF(ISNUMBER(D20),"Tabla INTA","")))
B21: Colesterol | C21: mg | D21: =IF($H$4=0,"",INDEX(Datos!$Q$2:$Q$648,$H$4)) -> 97 | E21: =IF(ISNUMBER(D21),D21*$C$5/100,D21) -> 97 | F21: =IF($H$4=0,"",IF(COUNTIFS('Valores completados'!$A$2:$A$6021,$C$4,'Valores completados'!$B$2:$B$6021,B21)>0,"≈ estimado (USDA)",IF(ISNUMBER(D21),"Tabla INTA",""))) -> Tabla INTA
B22: Vitamina A | C22: ug EAR | D22: =IF($H$4=0,"",INDEX(Datos!$R$2:$R$648,$H$4)) -> 258 | E22: =IF(ISNUMBER(D22),D22*$C$5/100,D22) -> 258 | F22: =IF($H$4=0,"",IF(COUNTIFS('Valores completados'!$A$2:$A$6021,$C$4,'Valores completados'!$B$2:$B$6021,B22)>0,"≈ estimado (USDA)",IF(ISNUMBER(D22),"Tabla INTA",""))) -> Tabla INTA
B23: Vitamina C | C23: mg | D23: =IF($H$4=0,"",INDEX(Datos!$S$2:$S$648,$H$4)) -> 8.6 | E23: =IF(ISNUMBER(D23),D23*$C$5/100,D23) -> 8.6 | F23: =IF($H$4=0,"",IF(COUNTIFS('Valores completados'!$A$2:$A$6021,$C$4,'Valores completados'!$B$2:$B$6021,B23)>0,"≈ estimado (USDA)",IF(ISNUMBER(D23),"Tabla INTA",""))) -> Tabla INTA
B24: Vitamina D | C24: ug | D24: =IF($H$4=0,"",INDEX(Datos!$T$2:$T$648,$H$4)) -> 10.5 | E24: =IF(ISNUMBER(D24),D24*$C$5/100,D24) -> 10.5 | F24: =IF($H$4=0,"",IF(COUNTIFS('Valores completados'!$A$2:$A$6021,$C$4,'Valores completados'!$B$2:$B$6021,B24)>0,"≈ estimado (USDA)",IF(ISNUMBER(D24),"Tabla INTA",""))) -> Tabla INTA
B25: Vitamina E | C25: mg ET | D25: =IF($H$4=0,"",INDEX(Datos!$U$2:$U$648,$H$4)) -> 0.6 | E25: =IF(ISNUMBER(D25),D25*$C$5/100,D25) -> 0.6 | F25: =IF($H$4=0,"",IF(COUNTIFS('Valores completados'!$A$2:$A$6021,$C$4,'Valores completados'!$B$2:$B$6021,B25)>0,"≈ estimado (USDA)",IF(ISNUMBER(D25),"Tabla INTA",""))) -> Tabla INTA
B26: Vitamina K | C26: ug | D26: =IF($H$4=0,"",INDEX(Datos!$V$2:$V$648,$H$4)) -> 2.2 | E26: =IF(ISNUMBER(D26),D26*$C$5/100,D26) -> 2.2 | F26: =IF($H$4=0,"",IF(COUNTIFS('Valores completados'!$A$2:$A$6021,$C$4,'Valores completados'!$B$2:$B$6021,B26)>0,"≈ estimado (USDA)",IF(ISNUMBER(D26),"Tabla INTA",""))) -> Tabla INTA
B27: Vitamina B1 | C27: mg | D27: =IF($H$4=0,"",INDEX(Datos!$W$2:$W$648,$H$4)) -> 0.3 | E27: =IF(ISNUMBER(D27),D27*$C$5/100,D27) -> 0.3 | F27: =IF($H$4=0,"",IF(COUNTIFS('Valores completados'!$A$2:$A$6021,$C$4,'Valores completados'!$B$2:$B$6021,B27)>0,"≈ estimado (USDA)",IF(ISNUMBER(D27),"Tabla INTA",""))) -> Tabla INTA
B28: Vitamina B2 | C28: mg | D28: =IF($H$4=0,"",INDEX(Datos!$X$2:$X$648,$H$4)) -> 1.2 | E28: =IF(ISNUMBER(D28),D28*$C$5/100,D28) -> 1.2 | F28: =IF($H$4=0,"",IF(COUNTIFS('Valores completados'!$A$2:$A$6021,$C$4,'Valores completados'!$B$2:$B$6021,B28)>0,"≈ estimado (USDA)",IF(ISNUMBER(D28),"Tabla INTA",""))) -> Tabla INTA
B29: Niacina | C29: mg EN | D29: =IF($H$4=0,"",INDEX(Datos!$Y$2:$Y$648,$H$4)) -> 0.7 | E29: =IF(ISNUMBER(D29),D29*$C$5/100,D29) -> 0.7 | F29: =IF($H$4=0,"",IF(COUNTIFS('Valores completados'!$A$2:$A$6021,$C$4,'Valores completados'!$B$2:$B$6021,B29)>0,"≈ estimado (USDA)",IF(ISNUMBER(D29),"Tabla INTA",""))) -> Tabla INTA
B30: Vitamina B6 | C30: mg | D30: =IF($H$4=0,"",INDEX(Datos!$Z$2:$Z$648,$H$4)) -> 0.3 | E30: =IF(ISNUMBER(D30),D30*$C$5/100,D30) -> 0.3 | F30: =IF($H$4=0,"",IF(COUNTIFS('Valores completados'!$A$2:$A$6021,$C$4,'Valores completados'!$B$2:$B$6021,B30)>0,"≈ estimado (USDA)",IF(ISNUMBER(D30),"Tabla INTA",""))) -> Tabla INTA
B31: Ác. pantoténico | C31: mg | D31: =IF($H$4=0,"",INDEX(Datos!$AA$2:$AA$648,$H$4)) -> 2.3 | E31: =IF(ISNUMBER(D31),D31*$C$5/100,D31) -> 2.3 | F31: =IF($H$4=0,"",IF(COUNTIFS('Valores completados'!$A$2:$A$6021,$C$4,'Valores completados'!$B$2:$B$6021,B31)>0,"≈ estimado (USDA)",IF(ISNUMBER(D31),"Tabla INTA",""))) -> Tabla INTA
B32: Vitamina B12 | C32: ug | D32: =IF($H$4=0,"",INDEX(Datos!$AB$2:$AB$648,$H$4)) -> 3.3 | E32: =IF(ISNUMBER(D32),D32*$C$5/100,D32) -> 3.3 | F32: =IF($H$4=0,"",IF(COUNTIFS('Valores completados'!$A$2:$A$6021,$C$4,'Valores completados'!$B$2:$B$6021,B32)>0,"≈ estimado (USDA)",IF(ISNUMBER(D32),"Tabla INTA",""))) -> Tabla INTA
B33: Folatos | C33: ug EFA | D33: =IF($H$4=0,"",INDEX(Datos!$AC$2:$AC$648,$H$4)) -> 37 | E33: =IF(ISNUMBER(D33),D33*$C$5/100,D33) -> 37 | F33: =IF($H$4=0,"",IF(COUNTIFS('Valores completados'!$A$2:$A$6021,$C$4,'Valores completados'!$B$2:$B$6021,B33)>0,"≈ estimado (USDA)",IF(ISNUMBER(D33),"Tabla INTA",""))) -> Tabla INTA
B34: Sodio | C34: mg | D34: =IF($H$4=0,"",INDEX(Datos!$AD$2:$AD$648,$H$4)) -> 371 | E34: =IF(ISNUMBER(D34),D34*$C$5/100,D34) -> 371 | F34: =IF($H$4=0,"",IF(COUNTIFS('Valores completados'!$A$2:$A$6021,$C$4,'Valores completados'!$B$2:$B$6021,B34)>0,"≈ estimado (USDA)",IF(ISNUMBER(D34),"Tabla INTA",""))) -> Tabla INTA
B35: Potasio | C35: mg | D35: =IF($H$4=0,"",INDEX(Datos!$AE$2:$AE$648,$H$4)) -> 1330 | E35: =IF(ISNUMBER(D35),D35*$C$5/100,D35) -> 1330 | F35: =IF($H$4=0,"",IF(COUNTIFS('Valores completados'!$A$2:$A$6021,$C$4,'Valores completados'!$B$2:$B$6021,B35)>0,"≈ estimado (USDA)",IF(ISNUMBER(D35),"Tabla INTA",""))) -> Tabla INTA
B36: Calcio | C36: mg | D36: =IF($H$4=0,"",INDEX(Datos!$AF$2:$AF$648,$H$4)) -> 912 | E36: =IF(ISNUMBER(D36),D36*$C$5/100,D36) -> 912 | F36: =IF($H$4=0,"",IF(COUNTIFS('Valores completados'!$A$2:$A$6021,$C$4,'Valores completados'!$B$2:$B$6021,B36)>0,"≈ estimado (USDA)",IF(ISNUMBER(D36),"Tabla INTA",""))) -> Tabla INTA
B37: Fósforo | C37: mg | D37: =IF($H$4=0,"",INDEX(Datos!$AG$2:$AG$648,$H$4)) -> 776 | E37: =IF(ISNUMBER(D37),D37*$C$5/100,D37) -> 776 | F37: =IF($H$4=0,"",IF(COUNTIFS('Valores completados'!$A$2:$A$6021,$C$4,'Valores completados'!$B$2:$B$6021,B37)>0,"≈ estimado (USDA)",IF(ISNUMBER(D37),"Tabla INTA",""))) -> Tabla INTA
B38: Magnesio | C38: mg | D38: =IF($H$4=0,"",INDEX(Datos!$AH$2:$AH$648,$H$4)) -> 85 | E38: =IF(ISNUMBER(D38),D38*$C$5/100,D38) -> 85 | F38: =IF($H$4=0,"",IF(COUNTIFS('Valores completados'!$A$2:$A$6021,$C$4,'Valores completados'!$B$2:$B$6021,B38)>0,"≈ estimado (USDA)",IF(ISNUMBER(D38),"Tabla INTA",""))) -> Tabla INTA
B39: Hierro | C39: mg | D39: =IF($H$4=0,"",INDEX(Datos!$AI$2:$AI$648,$H$4)) -> 0.5 | E39: =IF(ISNUMBER(D39),D39*$C$5/100,D39) -> 0.5 | F39: =IF($H$4=0,"",IF(COUNTIFS('Valores completados'!$A$2:$A$6021,$C$4,'Valores completados'!$B$2:$B$6021,B39)>0,"≈ estimado (USDA)",IF(ISNUMBER(D39),"Tabla INTA",""))) -> Tabla INTA
B40: Zinc | C40: mg | D40: =IF($H$4=0,"",INDEX(Datos!$AJ$2:$AJ$648,$H$4)) -> 3.3 | E40: =IF(ISNUMBER(D40),D40*$C$5/100,D40) -> 3.3 | F40: =IF($H$4=0,"",IF(COUNTIFS('Valores completados'!$A$2:$A$6021,$C$4,'Valores completados'!$B$2:$B$6021,B40)>0,"≈ estimado (USDA)",IF(ISNUMBER(D40),"Tabla INTA",""))) -> Tabla INTA
B41: Cobre | C41: mg | D41: =IF($H$4=0,"",INDEX(Datos!$AK$2:$AK$648,$H$4)) -> 0.1 | E41: =IF(ISNUMBER(D41),D41*$C$5/100,D41) -> 0.1 | F41: =IF($H$4=0,"",IF(COUNTIFS('Valores completados'!$A$2:$A$6021,$C$4,'Valores completados'!$B$2:$B$6021,B41)>0,"≈ estimado (USDA)",IF(ISNUMBER(D41),"Tabla INTA",""))) -> Tabla INTA
B42: Selenio | C42: ug | D42: =IF($H$4=0,"",INDEX(Datos!$AL$2:$AL$648,$H$4)) -> 16.3 | E42: =IF(ISNUMBER(D42),D42*$C$5/100,D42) -> 16.3 | F42: =IF($H$4=0,"",IF(COUNTIFS('Valores completados'!$A$2:$A$6021,$C$4,'Valores completados'!$B$2:$B$6021,B42)>0,"≈ estimado (USDA)",IF(ISNUMBER(D42),"Tabla INTA",""))) -> Tabla INTA
B43: Alcohol | C43: g | D43: =IF($H$4=0,"",INDEX(Datos!$AM$2:$AM$648,$H$4)) -> 0 | E43: =IF(ISNUMBER(D43),D43*$C$5/100,D43) -> 0 | F43: =IF($H$4=0,"",IF(COUNTIFS('Valores completados'!$A$2:$A$6021,$C$4,'Valores completados'!$B$2:$B$6021,B43)>0,"≈ estimado (USDA)",IF(ISNUMBER(D43),"Tabla INTA",""))) -> ≈ estimado (USDA)

Sheet Datos
A1: N° | B1: Grupo | C1: Producto | D1: Fuente | E1: Energía (kcal) | F1: Humedad (g) | G1: Cenizas (g) | H1: Proteínas (g) | I1: H de C disponibles (g) | J1: Azúcares totales (g) | K1: Fibra dietética total (g) | L1: Lípidos totales (g) | M1: Ác. grasos saturados (g) | N1: Ác. grasos monoinsaturados (g) | O1: Ác. grasos poliinsaturados (g) | P1: Ác. grasos trans (g) | Q1: Colesterol (mg) | R1: Vitamina A (ug EAR) | S1: Vitamina C (mg) | T1: Vitamina D (ug) | U1: Vitamina E (mg ET) | V1: Vitamina K (ug) | W1: Vitamina B1 (mg) | X1: Vitamina B2 (mg) | Y1: Niacina (mg EN) | Z1: Vitamina B6 (mg) | AA1: Ác. pantoténico (mg) | AB1: Vitamina B12 (ug) | AC1: Folatos (ug EFA) | AD1: Sodio (mg) | AE1: Potasio (mg) | AF1: Calcio (mg) | AG1: Fósforo (mg) | AH1: Magnesio (mg) | AI1: Hierro (mg) | AJ1: Zinc (mg) | AK1: Cobre (mg) | AL1: Selenio (ug) | AM1: Alcohol (g)
A2: 1 | B2: Leche y Derivados | C2: Leche materna | D2: 1 | E2: 70 | F2: 87.5 | G2: 0.2 | H2: 1 | I2: 6.9 | J2: 6.9 | K2: 0 | L2: 4.4 | M2: 2.01 | N2: 1.66 | O2: 0.5 | P2: S/I | Q2: 14 | R2: 61 | S2: 5 | T2: 0.1 | U2: 0.1 | V2: 0.3 | W2: 0 | X2: 0 | Y2: 0.2 | Z2: 0 | AA2: 0.2 | AB2: 0.1 | AC2: 5 | AD2: 17 | AE2: 51 | AF2: 32 | AG2: 14 | AH2: 3 | AI2: 0 | AJ2: 0.2 | AK2: 0.1 | AL2: 1.8 | AM2: 0
A3: 2 | B3: Leche y Derivados | C3: Leche de burra | D3: 2 | E3: 41 | F3: 90.4 | G3: 0.4 | H3: 1.6 | I3: 6.7 | J3: S/I | K3: 0 | L3: 0.9 | M3: S/I | N3: S/I | O3: S/I | P3: S/I | Q3: S/I | R3: S/I | S3: 1.7 | T3: S/I | U3: S/I | V3: S/I | W3: 0 | X3: 0.1 | Y3: 0.1 | Z3: S/I | AA3: S/I | AB3: S/I | AC3: S/I | AD3: S/I | AE3: S/I | AF3: 138 | AG3: 60 | AH3: S/I | AI3: S/I | AJ3: S/I | AK3: S/I | AL3: S/I | AM3: 0
A4: 3 | B4: Leche y Derivados | C4: Leche de cabra con Vit. D | D4: 1 | E4: 69 | F4: 87 | G4: 0.8 | H4: 3.6 | I4: 4.5 | J4: 4.5 | K4: 0 | L4: 4.1 | M4: 2.67 | N4: 1.11 | O4: 0.15 | P4: S/I | Q4: 11 | R4: 57 | S4: 1.3 | T4: 1.3 | U4: 0.1 | V4: 0.3 | W4: 0.1 | X4: 0.1 | Y4: 0.3 | Z4: 0.1 | AA4: 0.3 | AB4: 0.1 | AC4: 1 | AD4: 50 | AE4: 204 | AF4: 134 | AG4: 111 | AH4: 14 | AI4: 0.1 | AJ4: 0.3 | AK4: 0.1 | AL4: 1.4 | AM4: 0
A5: 4 | B5: Leche y Derivados | C5: Leche fluida entera (fuente 1) | D5: 1 | E5: 64 | F5: 87.7 | G5: 0.7 | H5: 3.3 | I5: 4.7 | J5: 4.7 | K5: 0 | L5: 3.7 | M5: 2.28 | N5: 1.06 | O5: 0.14 | P5: S/I | Q5: 14 | R5: 33 | S5: 1.5 | T5: 0.1 | U5: 0.1 | V5: 0.3 | W5: 0 | X5: 0.2 | Y5: 0.1 | Z5: 0 | AA5: 0.3 | AB5: 0.4 | AC5: 5 | AD5: 49 | AE5: 151 | AF5: 119 | AG5: 93 | AH5: 13 | AI5: 0.1 | AJ5: 0.4 | AK5: 0 | AL5: 2 | AM5: 0
A6: 5 | B6: Leche y Derivados | C6: Leche fluida entera (fuente 2) | D6: 2 | E6: 58 | F6: 88.1 | G6: 0.6 | H6: 3.2 | I6: 5.6 | J6: 5.1 | K6: 0 | L6: 2.5 | M6: 2.09 | N6: 0.96 | O6: 0.12 | P6: S/I | Q6: 13.5 | R6: 31.1 | S6: 1 | T6: 0.1 | U6: 0.1 | V6: 0.3 | W6: 0.1 | X6: 0.1 | Y6: 0.1 | Z6: 0 | AA6: 0.3 | AB6: 0.4 | AC6: 4.9 | AD6: 59.7 | AE6: 141.8 | AF6: 123 | AG6: 95 | AH6: 13.5 | AI6: 0.1 | AJ6: 0.4 | AK6: 0 | AL6: 3.7 | AM6: 0
A7: 6 | B7: Leche y Derivados | C7: Leche entera con sabor | D7: 3 | E7: 80 | F7: 82.9 | G7: 0.8 | H7: 2.4 | I7: 10.5 | J7: 9.2 | K7: 0.5 | L7: 2.9 | M7: 1.84 | N7: 0.87 | O7: 0.15 | P7: S/I | Q7: 6.4 | R7: 29 | S7: 0.9 | T7: 1.3 | U7: 0.1 | V7: 0.3 | W7: 0 | X7: 0.2 | Y7: 0.1 | Z7: 0 | AA7: 0.3 | AB7: 0.3 | AC7: 4.7 | AD7: 59.6 | AE7: 167 | AF7: 112 | AG7: 100 | AH7: 13 | AI7: 0.2 | AJ7: 0.4 | AK7: 0.1 | AL7: 1.2 | AM7: 0
A8: 7 | B8: Leche y Derivados | C8: Leche semidescremada | D8: 3 | E8: 42 | F8: 90.2 | G8: 0.8 | H8: 2.6 | I8: 5.1 | J8: 3.2 | K8: 0 | L8: 1.3 | M8: 0.83 | N8: 0.37 | O8: 0.05 | P8: 0.06 | Q8: 8 | R8: 50 | S8: 0.2 | T8: 1.1 | U8: 0 | V8: 0.2 | W8: 0 | X8: 0.2 | Y8: 0.1 | Z8: 0 | AA8: 0.3 | AB8: 0.5 | AC8: 4.5 | AD8: 42.7 | AE8: 127.2 | AF8: 109 | AG8: 83.6 | AH8: 10 | AI8: 0 | AJ8: 0.4 | AK8: 0 | AL8: 2.3 | AM8: 0
A9: 8 | B9: Leche y Derivados | C9: Leche semidescremada con sabor | D9: 1 | E9: 76 | F9: 82.2 | G9: 0.8 | H9: 3 | I9: 11.4 | J9: 9.6 | K9: 0.7 | L9: 1.9 | M9: 1.18 | N9: 0.46 | O9: 0.09 | P9: S/I | Q9: 8 | R9: 64 | S9: 0 | T9: 1.2 | U9: 0 | V9: 0.2 | W9: 0.1 | X9: 0.2 | Y9: 0.2 | Z9: 0 | AA9: 0.5 | AB9: 0.3 | AC9: 2 | AD9: 66 | AE9: 169 | AF9: 109 | AG9: 102 | AH9: 14 | AI9: 0.2 | AJ9: 0.4 | AK9: 0.1 | AL9: 3.4 | AM9: 0
A10: 9 | B10: Leche y Derivados | C10: Leche semidescremada con sabor chocolate | D10: 4 | E10: 52 | F10: 88.6 | G10: 0.8 | H10: 3.2 | I10: 5.6 | J10: 5 | K10: 0 | L10: 1.8 | M10: 1.15 | N10: 0.52 | O10: 0.05 | P10: 0.1 | Q10: 6 | R10: 40 | S10: 0 | T10: 0.3 | U10: 1 | V10: 0.1 | W10: 0 | X10: 0.2 | Y10: 0.1 | Z10: 0.1 | AA10: 0.5 | AB10: 0.2 | AC10: 5 | AD10: 70 | AE10: 168 | AF10: 93 | AG10: 84 | AH10: 13 | AI10: 0.2 | AJ10: 0.5 | AK10: 0 | AL10: 1.9 | AM10: 0
A11: 10 | B11: Leche y Derivados | C11: Leche semidescremada con sabor frutilla | D11: 4 | E11: 54 | F11: 88.2 | G11: 0.8 | H11: 3.1 | I11: 6 | J11: 5.5 | K11: 0 | L11: 1.9 | M11: 1.22 | N11: 0.55 | O11: 0.05 | P11: 0.1 | Q11: 6 | R11: 40 | S11: 0 | T11: 0.3 | U11: 1 | V11: 0.1 | W11: 0 | X11: 0.2 | Y11: 0.1 | Z11: 0 | AA11: 0.4 | AB11: 0.5 | AC11: 5 | AD11: 60 | AE11: 150 | AF11: 104 | AG11: 84 | AH11: 11 | AI11: 0 | AJ11: 0.4 | AK11: 0 | AL11: 3.3 | AM11: 0
A12: 11 | B12: Leche y Derivados | C12: Leche semidescremada sin lactosa | D12: 4 | E12: 44 | F12: 90.2 | G12: 0.8 | H12: 3.1 | I12: 4.6 | J12: 4.6 | K12: 0 | L12: 1.3 | M12: 1 | N12: 0.35 | O12: 0.05 | P12: 0.1 | Q12: 6 | R12: 50 | S12: 0 | T12: 0.4 | U12: 0 | V12: 0.1 | W12: 0 | X12: 0.2 | Y12: 0.1 | Z12: 0 | AA12: 0.4 | AB12: 0.5 | AC12: 5 | AD12: 60 | AE12: 150 | AF12: 101 | AG12: 95 | AH12: 11 | AI12: 0 | AJ12: 0.4 | AK12: 0 | AL12: 3.3 | AM12: 0
A13: 12 | B13: Leche y Derivados | C13: Leche descremada (fuente 4) | D13: 4 | E13: 32 | F13: 91.1 | G13: 0.8 | H13: 3.3 | I13: 4.7 | J13: 4.7 | K13: 0 | L13: 0.1 | M13: 0.03 | N13: 0.01 | O13: 0 | P13: 0 | Q13: 0.2 | R13: 61 | S13: 0 | T13: 1.2 | U13: 0 | V13: 0 | W13: 0 | X13: 0.2 | Y13: 0.1 | Z13: 0 | AA13: 0.4 | AB13: 0.5 | AC13: 5 | AD13: 32 | AE13: 156 | AF13: 115 | AG13: 90 | AH13: 11 | AI13: 0 | AJ13: 0.4 | AK13: 0 | AL13: 3.1 | AM13: 0
A14: 13 | B14: Leche y Derivados | C14: Leche descremada (fuente 1) | D14: 1 | E14: 42 | F14: 89.9 | G14: 0.8 | H14: 3.4 | I14: 5 | J14: 5.2 | K14: 0 | L14: 1 | M14: 0.63 | N14: 0.28 | O14: 0.04 | P14: S/I | Q14: 5 | R14: 14 | S14: 0 | T14: 0 | U14: 0 | V14: 0.1 | W14: 0 | X14: 0.2 | Y14: 0.1 | Z14: 0 | AA14: 0.4 | AB14: 0.5 | AC14: 5 | AD14: 44 | AE14: 150 | AF14: 125 | AG14: 95 | AH14: 11 | AI14: 0 | AJ14: 0.4 | AK14: 0 | AL14: 3.3 | AM14: 0
A15: 14 | B15: Leche y Derivados | C15: Leche en polvo 26% MG | D15: 2 | E15: 489 | F15: 3.2 | G15: 6.2 | H15: 28.6 | I15: 36.7 | J15: 36.7 | K15: 0 | L15: 25.3 | M15: 16.19 | N15: 7.62 | O15: 1.44 | P15: S/I | Q15: 80 | R15: 281.3 | S15: 9.4 | T15: 0.5 | U15: 0.6 | V15: 2.2 | W15: 0.3 | X15: 2.1 | Y15: 0.6 | Z15: 0.3 | AA15: 2.3 | AB15: 3.3 | AC15: 37.5 | AD15: 394.6 | AE15: 1307 | AF15: 912.5 | AG15: 775 | AH15: 84.4 | AI15: 0.5 | AJ15: 3.3 | AK15: 0.1 | AL15: 16.2 | AM15: 0
A16: 15 | B16: Leche y Derivados | C16: Leche en polvo 26% MG con Vit. D | D16: 1 | E16: 496 | F16: 2.5 | G16: 6.1 | H16: 26.3 | I16: 38.4 | J16: 38.4 | K16: 0 | L16: 26.7 | M16: 16.74 | N16: 7.92 | O16: 0.67 | P16: S/I | Q16: 97 | R16: 258 | S16: 8.6 | T16: 10.5 | U16: 0.6 | V16: 2.2 | W16: 0.3 | X16: 1.2 | Y16: 0.7 | Z16: 0.3 | AA16: 2.3 | AB16: 3.3 | AC16: 37 | AD16: 371 | AE16: 1330 | AF16: 912 | AG16: 776 | AH16: 85 | AI16: 0.5 | AJ16: 3.3 | AK16: 0.1 | AL16: 16.3 | AM16: 0
A17: 16 | B17: Leche y Derivados | C17: Leche en polvo 18% MG extra calcio | D17: 2 | E17: 454 | F17: 4.2 | G17: 6.1 | H17: 29.1 | I17: 42.7 | J17: 38.4 | K17: 0 | L17: 17.9 | M17: 11.46 | N17: 5.39 | O17: 1.02 | P17: S/I | Q17: 32 | R17: 258 | S17: 75 | T17: 10.5 | U17: 0.6 | V17: 2.2 | W17: 0.3 | X17: 1.2 | Y17: 0.6 | Z17: 0.3 | AA17: 2.3 | AB17: 3.2 | AC17: 37 | AD17: 371 | AE17: 1330 | AF17: 1610 | AG17: 865 | AH17: 85 | AI17: 15 | AJ17: 3.3 | AK17: 0.1 | AL17: 16.3 | AM17: 0
A18: 17 | B18: Leche y Derivados | C18: Leche en polvo 12% MG | D18: 2 | E18: 406 | F18: 5.4 | G18: 7.1 | H18: 34.6 | I18: 41.8 | J18: 37.3 | K18: 0 | L18: 11.1 | M18: 7.1 | N18: 3.34 | O18: 0.63 | P18: S/I | Q18: 19.8 | R18: 111 | S18: 8.3 | T18: 10.2 | U18: 0.6 | V18: 2.1 | W18: 0.2 | X18: 1.7 | Y18: 0.6 | Z18: 0.3 | AA18: 2.2 | AB18: 3.2 | AC18: 35.9 | AD18: 534.9 | AE18: 1521.6 | AF18: 884.6 | AG18: 946 | AH18: 82.4 | AI18: 0.5 | AJ18: 3.2 | AK18: 0.1 | AL18: 15.8 | AM18: 0
A19: 18 | B19: Leche y Derivados | C19: Leche en polvo descremada | D19: 1 | E19: 358 | F19: 4 | G19: 8 | H19: 35.1 | I19: 52.2 | J19: 52.2 | K19: 0 | L19: 0.7 | M19: 0.47 | N19: 0.19 | O19: 0.03 | P19: S/I | Q19: 18 | R19: 4 | S19: 5.6 | T19: 0 | U19: 0 | V19: 0 | W19: 0.4 | X19: 1.7 | Y19: 0.9 | Z19: 0.4 | AA19: 3.2 | AB19: 4 | AC19: 50 | AD19: 549 | AE19: 1705 | AF19: 1231 | AG19: 985 | AH19: 117 | AI19: 0.3 | AJ19: 4.4 | AK19: 0 | AL19: 27.3 | AM19: 0
A20: 19 | B20: Leche y Derivados | C20: Leche en polvo descremada extra calcio | D20: 4 | E20: 349 | F20: 6.8 | G20: 7.9 | H20: 31 | I20: 52.8 | J20: 52.5 | K20: 0 | L20: 1.5 | M20: 0.9 | N20: 0.2 | O20: 0.03 | P20: 0.1 | Q20: 20 | R20: 450 | S20: 85 | T20: 6 | U20: 18 | V20: 100 | W20: 0.4 | X20: 1.6 | Y20: 1 | Z20: 0.4 | AA20: 3.6 | AB20: 4 | AC20: 50 | AD20: 450 | AE20: 1794 | AF20: 2000 | AG20: 900 | AH20: 240 | AI20: 17 | AJ20: 10 | AK20: 0 | AL20: 27.3 | AM20: 0
A21: 20 | B21: Leche y Derivados | C21: Leche en polvo Purita Cereal | D21: 4 | E21: 454 | F21: S/I | G21: S/I | H21: 19.4 | I21: 51.2 | J21: 36.8 | K21: 1.7 | L21: 19.1 | M21: 7.9 | N21: 8.3 | O21: 2.9 | P21: 0 | Q21: 56.3 | R21: 538 | S21: 65.8 | T21: 8.6 | U21: 10.2 | V21: S/I | W21: 0.4 | X21: 0.7 | Y21: 5.9 | Z21: 0.8 | AA21: S/I | AB21: 1.9 | AC21: 167 | AD21: 207 | AE21: S/I | AF21: 1066 | AG21: 644 | AH21: 92.6 | AI21: 7.1 | AJ21: 6.7 | AK21: 0.3 | AL21: S/I | AM21: 0
A22: 21 | B22: Leche y Derivados | C22: Leche condensada | D22: 1 | E22: 321 | F22: 27.2 | G22: 1.8 | H22: 7.9 | I22: 54.4 | J22: 54.4 | K22: 0 | L22: 8.7 | M22: 5.49 | N22: 2.43 | O22: 0.34 | P22: S/I | Q22: 34 | R22: 74 | S22: 2.6 | T22: 0.2 | U22: 0.2 | V22: 0.6 | W22: 0.1 | X22: 0.4 | Y22: 0.2 | Z22: 0.1 | AA22: 0.8 | AB22: 0.4 | AC22: 11 | AD22: 127 | AE22: 371 | AF22: 284 | AG22: 253 | AH22: 26 | AI22: 0.2 | AJ22: 0.9 | AK22: 0 | AL22: 14.8 | AM22: 0
A23: 22 | B23: Leche y Derivados | C23: Leche evaporada | D23: 1 | E23: 134 | F23: 74 | G23: 1.6 | H23: 6.8 | I23: 10 | J23: 10 | K23: 0 | L23: 7.6 | M23: 4.59 | N23: 2.34 | O23: 0.25 | P23: S/I | Q23: 29 | R23: 65 | S23: 1.9 | T23: 2 | U23: 0.1 | V23: 0.5 | W23: 0.1 | X23: 0.3 | Y23: 0.2 | Z23: 0.1 | AA23: 0.6 | AB23: 0.2 | AC23: 8 | AD23: 106 | AE23: 303 | AF23: 261 | AG23: 203 | AH23: 24 | AI23: 0.2 | AJ23: 0.8 | AK23: 0 | AL23: 2.3 | AM23: 0
A24: 23 | B24: Leche y Derivados | C24: Quesillo | D24: 1 | E24: 103 | F24: 79 | G24: 1.3 | H24: 12.5 | I24: 2.7 | J24: 2.7 | K24: 0 | L24: 4.5 | M24: 2.85 | N24: 1.29 | O24: 0.14 | P24: S/I | Q24: 14.9 | R24: 48.1 | S24: 0 | T24: 0 | U24: 0.6 | V24: 0.1 | W24: 0 | X24: 0.2 | Y24: 0.1 | Z24: 0.1 | AA24: 0.2 | AB24: 0.6 | AC24: 12.2 | AD24: 405 | AE24: 84.3 | AF24: 60 | AG24: 131 | AH24: 5.2 | AI24: 0.1 | AJ24: 0.4 | AK24: 0 | AL24: 6 | AM24: 0
A25: 24 | B25: Leche y Derivados | C25: Quesillo 0% MG | D25: 4 | E25: 85 | F25: 78.7 | G25: 1.7 | H25: 13.9 | I25: 4.4 | J25: 3.8 | K25: 0 | L25: 1.3 | M25: 0.83 | N25: 0.38 | O25: 0.03 | P25: 0.06 | Q25: 4 | R25: 2 | S25: 0 | T25: 0 | U25: 0 | V25: 0 | W25: 0 | X25: 0.2 | Y25: 0.1 | Z25: 0 | AA25: 0.4 | AB25: 0.5 | AC25: 9 | AD25: 260 | AE25: 137 | AF25: 434 | AG25: 190 | AH25: 11 | AI25: 0.1 | AJ25: 0.5 | AK25: 0 | AL25: 9.4 | AM25: 0
A26: 25 | B26: Leche y Derivados | C26: Quesillo sin sal | D26: 4 | E26: 151 | F26: 72.2 | G26: 1.3 | H26: 13 | I26: 4.5 | J26: 3.8 | K26: 0 | L26: 9 | M26: 5.76 | N26: 2.62 | O26: 0.23 | P26: 0.39 | Q26: 29 | R26: 68 | S26: 0 | T26: 0 | U26: 0.1 | V26: 0 | W26: 0 | X26: 0.3 | Y26: 0.1 | Z26: 0.1 | AA26: 0.5 | AB26: 0.5 | AC26: 8 | AD26: 51 | AE26: 125 | AF26: 420 | AG26: 150 | AH26: 9 | AI26: 0.1 | AJ26: 0.5 | AK26: 0 | AL26: 11.9 | AM26: 0
A27: 26 | B27: Leche y Derivados | C27: Queso cabra | D27: 1 | E27: 364 | F27: 45.5 | G27: 2.9 | H27: 21.6 | I27: 0.1 | J27: 0.1 | K27: 0 | L27: 29.8 | M27: 20.64 | N27: 6.81 | O27: 0.71 | P27: S/I | Q27: 79 | R27: 407 | S27: 0 | T27: 0.5 | U27: 0.3 | V27: 2.5 | W27: 0.1 | X27: 0.7 | Y27: 1.2 | Z27: 0.1 | AA27: 0.19 | AB27: 0.2 | AC27: 2 | AD27: 415 | AE27: 158 | AF27: 298 | AG27: 375 | AH27: 29 | AI27: 1.6 | AJ27: 0.7 | AK27: 0.6 | AL27: 3.8 | AM27: 0
A28: 27 | B28: Leche y Derivados | C28: Queso chanco | D28: 3 | E28: 356 | F28: 42.8 | G28: 3.3 | H28: 20.8 | I28: 5.1 | J28: 0.1 | K28: 0 | L28: 28 | M28: 16.34 | N28: 8.82 | O28: 0.44 | P28: 0.9 | Q28: 83 | R28: 161.2 | S28: 0 | T28: 0.5 | U28: 0.2 | V28: 2.2 | W28: 0 | X28: 0.3 | Y28: 0.1 | Z28: 0.1 | AA28: 0.3 | AB28: 1.5 | AC28: 20.5 | AD28: 536 | AE28: 118.2 | AF28: 822 | AG28: 533.5 | AH28: 28.3 | AI28: 0.2 | AJ28: 3.8 | AK28: 0 | AL28: 14.2 | AM28: 0
A29: 28 | B29: Leche y Derivados | C29: Queso cheddar | D29: 1 | E29: 404 | F29: 37 | G29: 3.7 | H29: 22.9 | I29: 3.1 | J29: 0.5 | K29: 0 | L29: 33.3 | M29: 18.87 | N29: 9.25 | O29: 1.42 | P29: 1.16 | Q29: 99 | R29: 330 | S29: 0 | T29: 0.6 | U29: 0.7 | V29: 2.4 | W29: 0 | X29: 0.4 | Y29: 0.1 | Z29: 0.1 | AA29: 0.41 | AB29: 1.1 | AC29: 27 | AD29: 653 | AE29: 76 | AF29: 710 | AG29: 455 | AH29: 27 | AI29: 0.1 | AJ29: 3.6 | AK29: 0 | AL29: 28.5 | AM29: 0
A30: 29 | B30: Leche y Derivados | C30: Queso crema (fuente 1) | D30: 1 | E30: 350 | F30: 52.6 | G30: 1.3 | H30: 6.2 | I30: 5.5 | J30: 3.8 | K30: 0 | L30: 34.4 | M30: 20.21 | N30: 8.91 | O30: 1.48 | P30: 1.17 | Q30: 101 | R30: 308 | S30: 0 | T30: 0 | U30: 0.9 | V30: 2.1 | W30: 0 | X30: 0.2 | Y30: 0.1 | Z30: 0.1 | AA30: 0.52 | AB30: 0.2 | AC30: 9 | AD30: 314 | AE30: 132 | AF30: 97 | AG30: 107 | AH30: 9 | AI30: 0.1 | AJ30: 0.5 | AK30: 0 | AL30: 8.6 | AM30: 0
A31: 30 | B31: Leche y Derivados | C31: Queso crema (fuente 3) | D31: 3 | E31: 218 | F31: 61.6 | G31: 3.5 | H31: 12 | I31: 7.3 | J31: 0 | K31: 0 | L31: 15.6 | M31: 9.85 | N31: 3.94 | O31: 0.25 | P31: 0.7 | Q31: 58.3 | R31: 249.6 | S31: 0 | T31: 0 | U31: 0.7 | V31: 1.7 | W31: 0 | X31: 0.2 | Y31: 0.1 | Z31: 0 | AA31: 0.4 | AB31: 0.2 | AC31: 7.3 | AD31: 763 | AE31: 107 | AF31: 430 | AG31: 86.7 | AH31: 7.3 | AI31: 0.1 | AJ31: 0.4 | AK31: 0 | AL31: 7 | AM31: 0
A32: 31 | B32: Leche y Derivados | C32: Queso fresco (fuente 3) | D32: 3 | E32: 228 | F32: 61.7 | G32: 2.7 | H32: 16.9 | I32: 1.6 | J32: 1.6 | K32: S/I | L32: 17.1 | M32: 11.37 | N32: 4.62 | O32: 0.17 | P32: 0 | Q32: 61 | R32: 176.6 | S32: 0 | T32: 2.1 | U32: 0.3 | V32: 0.8 | W32: 0 | X32: 0.1 | Y32: 0 | Z32: 0.1 | AA32: 0.3 | AB32: 1.3 | AC32: 5.5 | AD32: 401 | AE32: 101.7 | AF32: 446.2 | AG32: 303.5 | AH32: 18.9 | AI32: 0.2 | AJ32: 2 | AK32: 0 | AL32: 15.2 | AM32: 0
A33: 32 | B33: Leche y Derivados | C33: Queso fresco (fuente 4) | D33: 4 | E33: 177 | F33: 67.1 | G33: 3.7 | H33: 12.6 | I33: 4.5 | J33: 3.3 | K33: 0 | L33: 12.1 | M33: 7.74 | N33: 3.52 | O33: 0.3 | P33: 0.5 | Q33: 39 | R33: 224 | S33: 0 | T33: 2.7 | U33: 0.4 | V33: 1 | W33: 0 | X33: 0.2 | Y33: 0 | Z33: 0.1 | AA33: 0.4 | AB33: 1.7 | AC33: 7 | AD33: 254 | AE33: 129 | AF33: 383 | AG33: 385 | AH33: 24 | AI33: 0.2 | AJ33: 2.6 | AK33: 0 | AL33: 19.3 | AM33: 0
A34: 33 | B34: Leche y Derivados | C34: Queso fresco light | D34: 3 | E34: 193 | F34: 66.5 | G34: 2.6 | H34: 13.8 | I34: 3.2 | J34: 0.8 | K34: S/I | L34: 13.9 | M34: 8.83 | N34: 3.94 | O34: 0.41 | P34: S/I | Q34: 64 | R34: 92 | S34: 0 | T34: 0.2 | U34: 0.1 | V34: 1.2 | W34: 0 | X34: 0.2 | Y34: 0.1 | Z34: 0.1 | AA34: 0.1 | AB34: 0.6 | AC34: 6.5 | AD34: 363 | AE34: 60.9 | AF34: 566.8 | AG34: 335.6 | AH34: 16.7 | AI34: 0.2 | AJ34: 2 | AK34: 0 | AL34: 10.4 | AM34: 0
A35: 34 | B35: Leche y Derivados | C35: Queso gouda (fuente 1) | D35: 1 | E35: 356 | F35: 41.5 | G35: 3.9 | H35: 24.9 | I35: 2.2 | J35: 2.2 | K35: 0 | L35: 27.4 | M35: 17.61 | N35: 7.75 | O35: 0.66 | P35: S/I | Q35: 114 | R35: 165 | S35: 0 | T35: 0.5 | U35: 0.2 | V35: 2.3 | W35: 0 | X35: 0.3 | Y35: 0.1 | Z35: 0.1 | AA35: 0.3 | AB35: 1.5 | AC35: 21 | AD35: 819 | AE35: 121 | AF35: 700 | AG35: 546 | AH35: 29 | AI35: 0.2 | AJ35: 3.9 | AK35: 0 | AL35: 14.5 | AM35: 0
A36: 35 | B36: Leche y Derivados | C36: Queso gouda (fuente 3) | D36: 3 | E36: 341 | F36: 42.7 | G36: 3 | H36: 24.8 | I36: 4.8 | J36: 0 | K36: 0 | L36: 24.7 | M36: 15.55 | N36: 6.79 | O36: 0.47 | P36: 0.5 | Q36: 114 | R36: 161.5 | S36: 0 | T36: 0.5 | U36: 0.2 | V36: 2.3 | W36: 0 | X36: 0.3 | Y36: 0.1 | Z36: 0.1 | AA36: 0.3 | AB36: 1.5 | AC36: 20.6 | AD36: 259 | AE36: 118.4 | AF36: 850 | AG36: 534.4 | AH36: 28.4 | AI36: 0.2 | AJ36: 3.8 | AK36: 0 | AL36: 14.2 | AM36: 0
A37: 36 | B37: Leche y Derivados | C37: Queso mantecoso | D37: 3 | E37: 394 | F37: 35.2 | G37: 2.9 | H37: 24.7 | I37: 8 | J37: 0 | K37: S/I | L37: 29.2 | M37: 18.93 | N37: 7.13 | O37: 0.66 | P37: 0.9 | Q37: 85.4 | R37: 331.6 | S37: 0 | T37: 0.7 | U37: 0.3 | V37: 2.8 | W37: 0 | X37: 0.4 | Y37: 0.1 | Z37: 0.1 | AA37: 0.2 | AB37: 1.6 | AC37: 13.4 | AD37: 452 | AE37: 149.1 | AF37: 797.9 | AG37: 520.8 | AH37: 30 | AI37: 0.5 | AJ37: 3.1 | AK37: 0 | AL37: 16.1 | AM37: 0
A38: 37 | B38: Leche y Derivados | C38: Queso mozzarella | D38: 3 | E38: 199 | F38: 66.7 | G38: 2.4 | H38: 13.5 | I38: 2.3 | J38: 1.3 | K38: 0 | L38: 15.1 | M38: 9.4 | N38: 3.92 | O38: 0.59 | P38: 0.4 | Q38: 44.9 | R38: 119.2 | S38: 0 | T38: 0.3 | U38: 0.1 | V38: 1.5 | W38: 0 | X38: 0.2 | Y38: 0.1 | Z38: 0 | AA38: 0.1 | AB38: 1.5 | AC38: 4.7 | AD38: 507 | AE38: 50.6 | AF38: 336.4 | AG38: 235.8 | AH38: 13.3 | AI38: 0.3 | AJ38: 1.9 | AK38: 0 | AL38: 11.3 | AM38: 0
A39: 38 | B39: Leche y Derivados | C39: Queso parmesano (fuente 2) | D39: 2 | E39: 476 | F39: 10.3 | G39: 7.6 | H39: 47.1 | I39: 5.5 | J39: 0.1 | K39: S/I | L39: 29.5 | M39: 17.52 | N39: 8.87 | O39: 0.67 | P39: S/I | Q39: 68 | R39: 142 | S39: 0 | T39: 0.6 | U39: 0.3 | V39: 2.2 | W39: 0 | X39: 0.4 | Y39: 0.3 | Z39: 0.1 | AA39: 0.6 | AB39: 1.5 | AC39: 9 | AD39: 1176 | AE39: 117.9 | AF39: 1653 | AG39: 889.3 | AH39: 56.4 | AI39: 1.1 | AJ39: 3.5 | AK39: 0 | AL39: 28.8 | AM39: 0
A40: 39 | B40: Leche y Derivados | C40: Queso parmesano (fuente 1) | D40: 1 | E40: 420 | F40: 22.7 | G40: 7.2 | H40: 28.4 | I40: 13.9 | J40: 0.1 | K40: 0 | L40: 27.8 | M40: 15.37 | N40: 7.13 | O40: 1.39 | P40: S/I | Q40: 86 | R40: 262 | S40: 0 | T40: 0.5 | U40: 0.5 | V40: 1.7 | W40: 0 | X40: 0.4 | Y40: 0.1 | Z40: 0.1 | AA40: 0.5 | AB40: 1.4 | AC40: 6 | AD40: 1804 | AE40: 180 | AF40: 853 | AG40: 627 | AH40: 34 | AI40: 0.5 | AJ40: 4.2 | AK40: 0 | AL40: 34.4 | AM40: 0
A41: 40 | B41: Leche y Derivados | C41: Queso pategras | D41: 2 | E41: 394 | F41: 37 | G41: 3.8 | H41: 25.7 | I41: 2.3 | J41: 0 | K41: 0 | L41: 31.2 | M41: 19.97 | N41: 9.39 | O41: 1.78 | P41: S/I | Q41: 55.8 | R41: 259.5 | S41: 0 | T41: 0.5 | U41: 0.3 | V41: 2.5 | W41: 0 | X41: 0.3 | Y41: 0.3 | Z41: 0.1 | AA41: 0.3 | AB41: 1.6 | AC41: 17.1 | AD41: 720 | AE41: 73 | AF41: 474 | AG41: 578 | AH41: 14.3 | AI41: 0.5 | AJ41: 3.5 | AK41: 0 | AL41: 15.5 | AM41: 0
A42: 41 | B42: Leche y Derivados | C42: Queso reggianito | D42: 2 | E42: 339 | F42: 35.9 | G42: 4.8 | H42: 33.1 | I42: 5.9 | J42: 0.1 | K42: 0 | L42: 20.3 | M42: 12.06 | N42: 6.1 | O42: 0.46 | P42: S/I | Q42: 68 | R42: 271 | S42: 0 | T42: 0.5 | U42: 0.2 | V42: 1.6 | W42: 0 | X42: 0.3 | Y42: 0.2 | Z42: 0.1 | AA42: 0.4 | AB42: 1.1 | AC42: 6.4 | AD42: 742 | AE42: 84.2 | AF42: 1199 | AG42: 635.5 | AH42: 40.3 | AI42: 0.8 | AJ42: 2.5 | AK42: 0 | AL42: 20.6 | AM42: 0
A43: 42 | B43: Leche y Derivados | C43: Queso suizo | D43: 1 | E43: 393 | F43: 37.6 | G43: 3 | H43: 27 | I43: 1.5 | J43: 0 | K43: 0 | L43: 31 | M43: 18.23 | N43: 8.05 | O43: 1.34 | P43: 0.99 | Q43: 93 | R43: 288 | S43: 0 | T43: 0 | U43: 0.6 | V43: 1.4 | W43: 0 | X43: 0.3 | Y43: 0.1 | Z43: 0.1 | AA43: 0.4 | AB43: 3.1 | AC43: 10 | AD43: 187 | AE43: 72 | AF43: 890 | AG43: 574 | AH43: 33 | AI43: 0.1 | AJ43: 4.4 | AK43: 0.1 | AL43: 30 | AM43: 0
A44: 43 | B44: Leche y Derivados | C44: Queso untable | D44: 2 | E44: 303 | F44: 50 | G44: 1.7 | H44: 20 | I44: 3.3 | J44: 3.3 | K44: 0 | L44: 25 | M44: 16 | N44: 7.53 | O44: 1.43 | P44: S/I | Q44: 44.7 | R44: 165.2 | S44: 0 | T44: 0.4 | U44: 0.2 | V44: 1.7 | W44: 0 | X44: 0.4 | Y44: 0.1 | Z44: 0.1 | AA44: 0.7 | AB44: 0.4 | AC44: 6.7 | AD44: 1552.1 | AE44: 231.1 | AF44: 536.8 | AG44: 835.7 | AH44: 27.7 | AI44: 0.3 | AJ44: 2.5 | AK44: 0 | AL44: 10.8 | AM44: 0
A45: 44 | B45: Leche y Derivados | C45: Ricota | D45: 1 | E45: 174 | F45: 71.7 | G45: 1 | H45: 11.3 | I45: 3 | J45: 0.3 | K45: 0 | L45: 13 | M45: 8.3 | N45: 3.63 | O45: 0.39 | P45: 0.43 | Q45: 51 | R45: 120 | S45: 0 | T45: 0.2 | U45: 0.1 | V45: 1.1 | W45: 0 | X45: 0.2 | Y45: 0.1 | Z45: 0 | AA45: 0.2 | AB45: 0.3 | AC45: 12 | AD45: 84 | AE45: 105 | AF45: 207 | AG45: 158 | AH45: 11 | AI45: 0.4 | AJ45: 1.2 | AK45: 0 | AL45: 14.5 | AM45: 0
A46: 45 | B46: Leche y Derivados | C46: Yogurt natural | D46: 1 | E46: 61 | F46: 87.9 | G46: 0.7 | H46: 3.5 | I46: 4.7 | J46: 4.7 | K46: 0 | L46: 3.3 | M46: 2.1 | N46: 0.89 | O46: 0.09 | P46: S/I | Q46: 13 | R46: 27 | S46: 0.5 | T46: 0.1 | U46: 0.1 | V46: 0.2 | W46: 0 | X46: 0.1 | Y46: 0.1 | Z46: 0 | AA46: 0.4 | AB46: 0.4 | AC46: 7 | AD46: 46 | AE46: 155 | AF46: 121 | AG46: 95 | AH46: 12 | AI46: 0.1 | AJ46: 0.6 | AK46: 0 | AL46: 2.2 | AM46: 0
A47: 46 | B47: Leche y Derivados | C47: Yogurt con sabor | D47: 2 | E47: 101 | F47: 77.1 | G47: 0.9 | H47: 4.4 | I47: 14.9 | J47: 14.9 | K47: 0.1 | L47: 2.7 | M47: 1.73 | N47: 0.81 | O47: 0.15 | P47: S/I | Q47: 4.8 | R47: 10.2 | S47: 0.4 | T47: 1.2 | U47: 0 | V47: 0.1 | W47: 0 | X47: 0.4 | Y47: 0.1 | Z47: 0 | AA47: 0.4 | AB47: 0.4 | AC47: 7.5 | AD47: 46.3 | AE47: 154.6 | AF47: 127 | AG47: 113 | AH47: 11.5 | AI47: 0 | AJ47: 0.6 | AK47: 0 | AL47: 2.6 | AM47: 0
A48: 47 | B48: Leche y Derivados | C48: Yogurt light | D48: 1 | E48: 56 | F48: 85.2 | G48: 1.2 | H48: 5.7 | I48: 7.7 | J48: 7.7 | K48: 0 | L48: 0.2 | M48: 0.12 | N48: 0.05 | O48: 0.01 | P48: S/I | Q48: 2 | R48: 2 | S48: 0.9 | T48: 0 | U48: 0 | V48: 0.2 | W48: 0.1 | X48: 0.2 | Y48: 0.1 | Z48: 0.1 | AA48: 0.6 | AB48: 0.6 | AC48: 12 | AD48: 77 | AE48: 255 | AF48: 199 | AG48: 157 | AH48: 19 | AI48: 0.1 | AJ48: 1 | AK48: 0 | AL48: 3.6 | AM48: 0
A49: 48 | B49: Leche y Derivados | C49: Yogurt sin lactosa | D49: 3 | E49: 53 | F49: 86.7 | G49: 0.6 | H49: 3 | I49: 9.3 | J49: 2 | K49: 0 | L49: 0.4 | M49: 0.23 | N49: 0.1 | O49: 0.01 | P49: 0 | Q49: 0 | R49: 1.8 | S49: 0.8 | T49: 0 | U49: 0 | V49: 0.2 | W49: 0 | X49: 0.2 | Y49: 0.1 | Z49: 0 | AA49: 0.6 | AB49: 0.5 | AC49: 10.8 | AD49: 55 | AE49: 229.6 | AF49: 179.2 | AG49: 141.4 | AH49: 17.1 | AI49: 0.1 | AJ49: 0.9 | AK49: 0 | AL49: 3.2 | AM49: 0
A50: 49 | B50: Leche y Derivados | C50: Yogurt con frutas | D50: 2 | E50: 114 | F50: 73.8 | G50: 0.8 | H50: 4.1 | I50: 18.2 | J50: 18.2 | K50: 0.3 | L50: 2.8 | M50: 1.79 | N50: 0.84 | O50: 0.16 | P50: S/I | Q50: 5 | R50: 30 | S50: 0.4 | T50: 1.4 | U50: 0 | V50: 0.1 | W50: 0 | X50: 0.4 | Y50: 0.1 | Z50: 0 | AA50: 0.4 | AB50: 0.4 | AC50: 7.5 | AD50: 46.3 | AE50: 154.6 | AF50: 105 | AG50: 105 | AH50: 11.5 | AI50: 0 | AJ50: 0.6 | AK50: 0 | AL50: 3 | AM50: 0
A51: 50 | B51: Leche y Derivados | C51: Yogurt con frutas bajo en grasa | D51: 1 | E51: 105 | F51: 74.1 | G51: 1 | H51: 4.9 | I51: 18.6 | J51: 18.6 | K51: 0 | L51: 1.4 | M51: 0.91 | N51: 0.39 | O51: 0.04 | P51: S/I | Q51: 6 | R51: 10.1 | S51: 0.7 | T51: 0 | U51: 0 | V51: 0.1 | W51: 0 | X51: 0.2 | Y51: 0.1 | Z51: 0.1 | AA51: 0.5 | AB51: 0.5 | AC51: 10 | AD51: 65 | AE51: 216 | AF51: 169 | AG51: 133 | AH51: 16 | AI51: 0.1 | AJ51: 0.8 | AK51: 0.1 | AL51: 3.1 | AM51: 0
A52: 51 | B52: Leche y Derivados | C52: Yogurt con fruta sin lactosa | D52: 3 | E52: 56 | F52: 86 | G52: 0.5 | H52: 3 | I52: 10.1 | J52: 10.1 | K52: 0 | L52: 0.4 | M52: 0.25 | N52: 0.1 | O52: 0.01 | P52: 0 | Q52: 2.5 | R52: 6.2 | S52: 0.3 | T52: 0.7 | U52: 0 | V52: 0.1 | W52: 0 | X52: 0.1 | Y52: 0 | Z52: 0 | AA52: 0.3 | AB52: 0.2 | AC52: 5.1 | AD52: 55 | AE52: 100.3 | AF52: 78.2 | AG52: 61.8 | AH52: 7.4 | AI52: 0 | AJ52: 0.4 | AK52: 0 | AL52: 1.6 | AM52: 0
A53: 52 | B53: Leche y Derivados | C53: Tofu (fuente 1) | D53: 1 | E53: 78 | F53: 82.9 | G53: 1 | H53: 9 | I53: 2 | J53: 0.6 | K53: 0.9 | L53: 4.2 | M53: 0.79 | N53: 1.13 | O53: 1.65 | P53: 0 | Q53: 0 | R53: 0 | S53: 0.2 | T53: 0 | U53: 0 | V53: 2.4 | W53: 0.1 | X53: 0.1 | Y53: 0.1 | Z53: 0.1 | AA53: 0.1 | AB53: 0 | AC53: 19 | AD53: 12 | AE53: 148 | AF53: 201 | AG53: 121 | AH53: 37 | AI53: 1.6 | AJ53: 0.8 | AK53: 0.2 | AL53: 9.9 | AM53: 0
A54: 53 | B54: Leche y Derivados | C54: Tofu (fuente 3) | D54: 3 | E54: 95 | F54: 78.4 | G54: 0.8 | H54: 10.4 | I54: 8 | J54: 0.4 | K54: S/I | L54: 2.4 | M54: 0.35 | N54: 0.53 | O54: 1.36 | P54: 0 | Q54: 0 | R54: S/I | S54: 0.1 | T54: 0 | U54: 0 | V54: 3.4 | W54: 0.1 | X54: 0.1 | Y54: 0.3 | Z54: 0.1 | AA54: 0.1 | AB54: 0 | AC54: 21 | AD54: 73 | AE54: 169.2 | AF54: 489.3 | AG54: 135.6 | AH54: 41.9 | AI54: 7.5 | AJ54: 1.1 | AK54: 0.3 | AL54: 12.4 | AM54: 0
A55: 54 | B55: Huevos | C55: Huevo entero (fuente 1) | D55: 1 | E55: 143 | F55: 76.2 | G55: 1.1 | H55: 12.6 | I55: 0.7 | J55: 0.4 | K55: 0 | L55: 9.5 | M55: 3.13 | N55: 3.66 | O55: 1.91 | P55: 0.04 | Q55: 372 | R55: 160 | S55: 0 | T55: 2 | U55: 1.1 | V55: 0.3 | W55: 0 | X55: 0.5 | Y55: 0.1 | Z55: 0.2 | AA55: 1.5 | AB55: 0.9 | AC55: 47 | AD55: 142 | AE55: 138 | AF55: 56 | AG55: 198 | AH55: 12 | AI55: 1.8 | AJ55: 1.3 | AK55: 0.1 | AL55: 30.7 | AM55: 0
A56: 55 | B56: Huevos | C56: Huevo entero (fuente 3) | D56: 3 | E56: 149 | F56: 75.5 | G56: 0.9 | H56: 12.4 | I56: 0.3 | J56: 0.1 | K56: S/I | L56: 10.9 | M56: 2.9 | N56: 4.51 | O56: 0.99 | P56: 0 | Q56: 367 | R56: 164.4 | S56: 0 | T56: 2.1 | U56: 1.1 | V56: 0.3 | W56: 0 | X56: 0.5 | Y56: 0.1 | Z56: 0.2 | AA56: 1.6 | AB56: 0.9 | AC56: 48.3 | AD56: 153 | AE56: 141.8 | AF56: 57.5 | AG56: 203.4 | AH56: 12.3 | AI56: 1.8 | AJ56: 1.3 | AK56: 0.1 | AL56: 31.5 | AM56: 0
A57: 56 | B57: Huevos | C57: Clara de huevo | D57: 1 | E57: 52 | F57: 87.6 | G57: 0.6 | H57: 10.9 | I57: 0.7 | J57: 0.7 | K57: 0 | L57: 0.2 | M57: 0 | N57: 0 | O57: 0 | P57: S/I | Q57: 0 | R57: 0 | S57: 0 | T57: 0 | U57: 0 | V57: 0 | W57: 0 | X57: 0.4 | Y57: 0.1 | Z57: 0 | AA57: 0.2 | AB57: 0.1 | AC57: 4 | AD57: 166 | AE57: 163 | AF57: 7 | AG57: 15 | AH57: 11 | AI57: 0.1 | AJ57: 0 | AK57: 0 | AL57: 20 | AM57: 0
A58: 57 | B58: Huevos | C58: Yema de huevo | D58: 1 | E58: 322 | F58: 52.3 | G58: 1.7 | H58: 15.9 | I58: 3.6 | J58: 0.6 | K58: 0 | L58: 26.5 | M58: 9.55 | N58: 11.74 | O58: 4.2 | P58: S/I | Q58: 1085 | R58: 381 | S58: 0 | T58: 5.4 | U58: 2.6 | V58: 0.7 | W58: 0.2 | X58: 0.5 | Y58: 0 | Z58: 0.4 | AA58: 3 | AB58: 2 | AC58: 146 | AD58: 48 | AE58: 109 | AF58: 129 | AG58: 390 | AH58: 5 | AI58: 2.7 | AJ58: 2.3 | AK58: 0.1 | AL58: 56 | AM58: 0
A59: 58 | B59: Huevos | C59: Huevo de codorniz | D59: 1 | E59: 158 | F59: 74.4 | G59: 1.1 | H59: 13.1 | I59: 0.4 | J59: 0.4 | K59: 0 | L59: 11.1 | M59: 3.56 | N59: 4.32 | O59: 1.32 | P59: S/I | Q59: 844 | R59: 156 | S59: 0 | T59: 1.4 | U59: 1.1 | V59: 0.3 | W59: 0.1 | X59: 0.8 | Y59: 0.2 | Z59: 0.2 | AA59: 1.8 | AB59: 1.6 | AC59: 66 | AD59: 141 | AE59: 132 | AF59: 64 | AG59: 226 | AH59: 13 | AI59: 3.7 | AJ59: 1.5 | AK59: 0.1 | AL59: 32 | AM59: 0
A60: 59 | B60: Carnes y Vísceras | C60: Pollo cocido | D60: 1 | E60: 176 | F60: 65.2 | G60: 0.8 | H60: 27.3 | I60: 0 | J60: 0 | K60: 0 | L60: 6.7 | M60: 1.84 | N60: 2.39 | O60: 1.54 | P60: S/I | Q60: 82.9 | R60: 15 | S60: 0 | T60: 0 | U60: 0.5 | V60: 2.1 | W60: 0 | X60: 0.2 | Y60: 6.1 | Z60: 0.3 | AA60: 0.7 | AB60: 0.2 | AC60: 6 | AD60: 70 | AE60: 180 | AF60: 14 | AG60: 150 | AH60: 21 | AI60: 1.2 | AJ60: 2 | AK60: 0.1 | AL60: 16.2 | AM60: 0
A61: 60 | B61: Carnes y Vísceras | C61: Pollo pierna | D61: 2 | E61: 199 | F61: 65.2 | G61: 0.9 | H61: 22.4 | I61: 1.5 | J61: 0 | K61: 0 | L61: 11.5 | M61: 3.5 | N61: 5.46 | O61: 2.51 | P61: 0.04 | Q61: 93 | R61: 15 | S61: 0 | T61: 0.1 | U61: 0.2 | V61: 2.4 | W61: 0.1 | X61: 0.2 | Y61: 5 | Z61: 0.3 | AA61: 1.1 | AB61: 0.6 | AC61: 4.3 | AD61: 70 | AE61: 180 | AF61: 21 | AG61: 120 | AH61: 20.2 | AI61: 0.8 | AJ61: 1.6 | AK61: 0.1 | AL61: 19.2 | AM61: 0
A62: 61 | B62: Carnes y Vísceras | C62: Pollo pechuga | D62: 2 | E62: 130 | F62: 73.2 | G62: 0.7 | H62: 22.3 | I62: 1.7 | J62: 0 | K62: 0 | L62: 3.8 | M62: 1.16 | N62: 1.81 | O62: 0.83 | P62: 0.04 | Q62: 94 | R62: 15 | S62: 0 | T62: 0.4 | U62: 0.2 | V62: 0 | W62: 0.1 | X62: 0.1 | Y62: 8.7 | Z62: 0.5 | AA62: 0.7 | AB62: 0.3 | AC62: 3.5 | AD62: 70 | AE62: 180 | AF62: 28 | AG62: 91 | AH62: 21.9 | AI62: 2.2 | AJ62: 0.7 | AK62: 0 | AL62: 14.6 | AM62: 0
A63: 62 | B63: Carnes y Vísceras | C63: Pollo pechuga deshuesado | D63: 3 | E63: 114 | F63: 72.3 | G63: 1.7 | H63: 22.2 | I63: 1.9 | J63: 0 | K63: S/I | L63: 1.9 | M63: 0.41 | N63: 0.5 | O63: 0.31 | P63: 0.01 | Q63: 73 | R63: 9.6 | S63: 0 | T63: 0 | U63: 0.6 | V63: 0 | W63: 0.1 | X63: 0.2 | Y63: 10.2 | Z63: 0.9 | AA63: 1.6 | AB63: 0.2 | AC63: 9.6 | AD63: 47.8 | AE63: 354.5 | AF63: 5.3 | AG63: 226.1 | AH63: 29.7 | AI63: 0.4 | AJ63: 0.7 | AK63: 0 | AL63: 24.2 | AM63: 0
A64: 63 | B64: Carnes y Vísceras | C64: Pato cocido | D64: 1 | E64: 201 | F64: 64.2 | G64: 1.1 | H64: 23.5 | I64: 0 | J64: 0 | K64: 0 | L64: 11.2 | M64: 3.95 | N64: 3.86 | O64: 1.49 | P64: S/I | Q64: 89 | R64: 23 | S64: 0 | T64: 0.1 | U64: 0.7 | V64: 3.8 | W64: 0.3 | X64: 0.5 | Y64: 5.1 | Z64: 0.3 | AA64: 1.5 | AB64: 0.4 | AC64: 10 | AD64: 65 | AE64: 252 | AF64: 12 | AG64: 203 | AH64: 20 | AI64: 2.7 | AJ64: 2.6 | AK64: 0.2 | AL64: 22.4 | AM64: 0
A65: 64 | B65: Carnes y Vísceras | C65: Pavo pierna | D65: 2 | E65: 123 | F65: 73.7 | G65: 1 | H65: 22 | I65: 1.2 | J65: 0.1 | K65: 0 | L65: 3.3 | M65: 1.64 | N65: 1.03 | O65: 1.43 | P65: S/I | Q65: 75.7 | R65: 14.3 | S65: 0 | T65: 0.3 | U65: 0.1 | V65: 0 | W65: 0.1 | X65: 0.3 | Y65: 6.2 | Z65: 0.5 | AA65: 1 | AB65: 2.2 | AC65: 7.7 | AD65: 70 | AE65: 298 | AF65: 23 | AG65: 141 | AH65: 27.4 | AI65: 2.2 | AJ65: 2.8 | AK65: 0.1 | AL65: 24.6 | AM65: 0
A66: 65 | B66: Carnes y Vísceras | C66: Pavo rostizado | D66: 1 | E66: 189 | F66: 63.5 | G66: 1.2 | H66: 28.6 | I66: 0.1 | J66: 0 | K66: 0 | L66: 7.4 | M66: 2.16 | N66: 2.65 | O66: 2.12 | P66: 0.09 | Q66: 109 | R66: 12 | S66: 0 | T66: 0.4 | U66: 0.1 | V66: 0 | W66: 0 | X66: 0.3 | Y66: 9.6 | Z66: 0.6 | AA66: 0.9 | AB66: 1 | AC66: 9 | AD66: 103 | AE66: 239 | AF66: 14 | AG66: 223 | AH66: 30 | AI66: 1.1 | AJ66: 2.5 | AK66: 0.1 | AL66: 29.8 | AM66: 0
A67: 66 | B67: Carnes y Vísceras | C67: Carne de cerdo | D67: 1 | E67: 293 | F67: 53.4 | G67: 0.8 | H67: 25.1 | I67: 0 | J67: 0 | K67: 0 | L67: 20.7 | M67: 7.51 | N67: 9.49 | O67: 2.34 | P67: 0.13 | Q67: 93.1 | R67: 3 | S67: 0.3 | T67: 0.8 | U67: 0.4 | V67: 0 | W67: 0.6 | X67: 0.3 | Y67: 4.6 | Z67: 0.4 | AA67: 0.6 | AB67: 0.7 | AC67: 10 | AD67: 59.1 | AE67: 328 | AF67: 6 | AG67: 246 | AH67: 22 | AI67: 1 | AJ67: 2.9 | AK67: 0.1 | AL67: 35.1 | AM67: 0
A68: 67 | B68: Carnes y Vísceras | C68: Cazuela de cerdo | D68: 2 | E68: 264 | F68: 56.1 | G68: 0.7 | H68: 20.6 | I68: 4.4 | J68: 0 | K68: 0 | L68: 18.2 | M68: 7.7 | N68: 9.03 | O68: 1.47 | P68: 0.18 | Q68: 63 | R68: 0 | S68: 0 | T68: 1.1 | U68: 0.3 | V68: 0 | W68: 0.8 | X68: 0.3 | Y68: 6.3 | Z68: 0.6 | AA68: 1.4 | AB68: 0.8 | AC68: 0 | AD68: 161 | AE68: 731 | AF68: 21 | AG68: 107 | AH68: 25 | AI68: 1.3 | AJ68: 3 | AK68: 0.1 | AL68: 30.4 | AM68: 0
A69: 68 | B69: Carnes y Vísceras | C69: Lomito de cerdo | D69: 3 | E69: 90 | F69: 79.7 | G69: 1.6 | H69: 15.3 | I69: 0.3 | J69: 0.3 | K69: S/I | L69: 3 | M69: 1.01 | N69: 1.3 | O69: 0.58 | P69: 0 | Q69: 32.1 | R69: 0 | S69: 0 | T69: 0.2 | U69: 0.2 | V69: 0 | W69: 0.8 | X69: 0.3 | Y69: 5.7 | Z69: 0.7 | AA69: 0.7 | AB69: 0.4 | AC69: 0 | AD69: 339 | AE69: 337.5 | AF69: 4.2 | AG69: 208.9 | AH69: 22.8 | AI69: 0.8 | AJ69: 1.6 | AK69: 0.1 | AL69: 26.1 | AM69: 0
A70: 69 | B70: Carnes y Vísceras | C70: Pierna de cerdo marinada | D70: 3 | E70: 164 | F70: 71.1 | G70: 1.3 | H70: 16.6 | I70: 0.2 | J70: 0.1 | K70: 0 | L70: 10.7 | M70: 4.04 | N70: 4.92 | O70: 1.24 | P70: 0 | Q70: 55.7 | R70: 0 | S70: 0.5 | T70: 0.4 | U70: S/I | V70: S/I | W70: 0.6 | X70: 0.2 | Y70: 3.5 | Z70: 0.3 | AA70: 0.5 | AB70: 0.5 | AC70: 5.4 | AD70: 204 | AE70: 242.6 | AF70: 3.9 | AG70: 153.2 | AH70: 15.4 | AI70: 0.7 | AJ70: 1.5 | AK70: 0.1 | AL70: 22.6 | AM70: 0
A71: 70 | B71: Carnes y Vísceras | C71: Chuleta de cerdo centro marinada | D71: 3 | E71: 284 | F71: 59.3 | G71: 1 | H71: 13.7 | I71: 0.9 | J71: 0.1 | K71: 0 | L71: 25 | M71: 10.15 | N71: 11.23 | O71: 2.35 | P71: 0.1 | Q71: 56 | R71: 2.7 | S71: 0 | T71: 0.7 | U71: 0.2 | V71: 0 | W71: 0.7 | X71: 0.3 | Y71: 8.9 | Z71: 0.9 | AA71: 0.9 | AB71: 0.7 | AC71: 0 | AD71: 156 | AE71: 460.7 | AF71: 25.5 | AG71: 280.7 | AH71: 33.6 | AI71: 0.8 | AJ71: 2.4 | AK71: 0.1 | AL71: 45.4 | AM71: 0
A72: 71 | B72: Carnes y Vísceras | C72: Chuleta de cerdo vetada marinada | D72: 3 | E72: 312 | F72: 56.1 | G72: 0.9 | H72: 14.7 | I72: 0.2 | J72: 0.1 | K72: S/I | L72: 28.1 | M72: 11.34 | N72: 12.48 | O72: 2.84 | P72: 0.1 | Q72: 51.5 | R72: 2.7 | S72: 0 | T72: 1 | U72: 0.2 | V72: 0 | W72: 0.6 | X72: 0.2 | Y72: 8.6 | Z72: 0.9 | AA72: 0.9 | AB72: 0.7 | AC72: 0 | AD72: 148 | AE72: 459.9 | AF72: 34.1 | AG72: 277 | AH72: 31.4 | AI72: 0.8 | AJ72: 2.5 | AK72: 0.1 | AL72: 48.4 | AM72: 0
A73: 72 | B73: Carnes y Vísceras | C73: Costillar de cerdo | D73: 3 | E73: 210 | F73: 64.9 | G73: 1.9 | H73: 17.5 | I73: 0.1 | J73: 0.1 | K73: S/I | L73: 15.5 | M73: 5.72 | N73: 6.64 | O73: 1.56 | P73: 0 | Q73: 73 | R73: 0 | S73: 0 | T73: 2 | U73: 0.3 | V73: 0 | W73: 0.3 | X73: 0.2 | Y73: 4.1 | Z73: 0.5 | AA73: 0.5 | AB73: 0.3 | AC73: 0 | AD73: 117 | AE73: 211 | AF73: 13.1 | AG73: 123 | AH73: 14 | AI73: 0.8 | AJ73: 2.2 | AK73: 0.1 | AL73: 19.2 | AM73: 0
A74: 73 | B74: Carnes y Vísceras | C74: Costillar de cerdo marinado | D74: 3 | E74: 209 | F74: 66 | G74: 1.1 | H74: 17.2 | I74: 0.2 | J74: 0.1 | K74: S/I | L74: 15.5 | M74: 6.08 | N74: 6.17 | O74: 2.5 | P74: 0 | Q74: 55.1 | R74: 0 | S74: 0 | T74: 1.9 | U74: 0.3 | V74: 0 | W74: 0.3 | X74: 0.2 | Y74: 3.9 | Z74: 0.5 | AA74: 0.5 | AB74: 0.3 | AC74: 0 | AD74: 154 | AE74: 204.4 | AF74: 12.7 | AG74: 119.1 | AH74: 13.5 | AI74: 0.8 | AJ74: 2.1 | AK74: 0.1 | AL74: 18.6 | AM74: 0
A75: 74 | B75: Carnes y Vísceras | C75: Filete de cerdo | D75: 2 | E75: 129 | F75: 72.8 | G75: 0.9 | H75: 21.4 | I75: 0.2 | J75: 0 | K75: 0 | L75: 4.7 | M75: 1.99 | N75: 2.33 | O75: 0.38 | P75: 0.05 | Q75: 65 | R75: 0 | S75: 0 | T75: 0.2 | U75: 0.2 | V75: 0 | W75: 1.1 | X75: 0.4 | Y75: 7.6 | Z75: 0.9 | AA75: 1 | AB75: 0.6 | AC75: 0 | AD75: 59.1 | AE75: 328 | AF75: 18 | AG75: 94 | AH75: 30.6 | AI75: 1.6 | AJ75: 2.1 | AK75: 0.1 | AL75: 34.9 | AM75: 0
A76: 75 | B76: Carnes y Vísceras | C76: Pulpa de cerdo | D76: 2 | E76: 132 | F76: 71.8 | G76: 0.8 | H76: 21.2 | I76: 1.8 | J76: 0 | K76: 0 | L76: 4.4 | M76: 1.86 | N76: 2.18 | O76: 0.36 | P76: S/I | Q76: 68 | R76: 2.1 | S76: 0.9 | T76: 0.6 | U76: 0.2 | V76: 0 | W76: 0.9 | X76: 0.2 | Y76: 5.6 | Z76: 0.5 | AA76: 0.8 | AB76: 0.7 | AC76: 9.4 | AD76: 91 | AE76: 384 | AF76: 16 | AG76: 99 | AH76: 26 | AI76: 1.2 | AJ76: 2.4 | AK76: 0.1 | AL76: 36.8 | AM76: 0
A77: 76 | B77: Carnes y Vísceras | C77: Cazuela de cordero | D77: 2 | E77: 152 | F77: 70.6 | G77: 1 | H77: 20.6 | I77: 0.2 | J77: S/I | K77: 0 | L77: 7.6 | M77: 4.37 | N77: 2.87 | O77: 0.18 | P77: S/I | Q77: 71 | R77: 0 | S77: 0 | T77: S/I | U77: 0.2 | V77: S/I | W77: 0.1 | X77: 0.2 | Y77: 4.7 | Z77: 0.1 | AA77: 0.5 | AB77: 1.9 | AC77: 14.6 | AD77: 116 | AE77: 356 | AF77: 20 | AG77: 117 | AH77: 16.1 | AI77: 1 | AJ77: 2.6 | AK77: 0.1 | AL77: 14.8 | AM77: 0
A78: 77 | B78: Carnes y Vísceras | C78: Chuleta de cordero | D78: 2 | E78: 201 | F78: 63.6 | G78: 0.7 | H78: 18.8 | I78: 5.3 | J78: S/I | K78: 0 | L78: 11.6 | M78: 6.67 | N78: 4.37 | O78: 0.28 | P78: S/I | Q78: 74 | R78: 0 | S78: 0 | T78: S/I | U78: 0.2 | V78: S/I | W78: 0.1 | X78: 0.2 | Y78: 5.4 | Z78: 0.1 | AA78: 0.5 | AB78: 1.7 | AC78: 14.2 | AD78: 142 | AE78: 452 | AF78: 21 | AG78: 75 | AH78: 17.6 | AI78: 0.6 | AJ78: 2.1 | AK78: 0.1 | AL78: 15.8 | AM78: 0
A79: 78 | B79: Carnes y Vísceras | C79: Pulpa de cordero | D79: 2 | E79: 144 | F79: 69.6 | G79: 0.5 | H79: 20.4 | I79: 4.7 | J79: S/I | K79: 0 | L79: 4.8 | M79: 2.76 | N79: 1.81 | O79: 0.12 | P79: S/I | Q79: 64 | R79: 0 | S79: 0 | T79: S/I | U79: 0.2 | V79: S/I | W79: 0.2 | X79: 0.3 | Y79: 7.4 | Z79: 0.2 | AA79: 0.8 | AB79: 3.1 | AC79: 27.4 | AD79: 101 | AE79: 424 | AF79: 25 | AG79: 125 | AH79: 24 | AI79: 2.9 | AJ79: 4.6 | AK79: 0.1 | AL79: 27.8 | AM79: 0
A80: 79 | B80: Carnes y Vísceras | C80: Conejo (fuente 2) | D80: 2 | E80: 109 | F80: 75.5 | G80: 1.2 | H80: 19.4 | I80: 0.8 | J80: S/I | K80: 0 | L80: 3.1 | M80: 0.93 | N80: 0.84 | O80: 0.6 | P80: S/I | Q80: 64 | R80: 0 | S80: 0 | T80: S/I | U80: S/I | V80: S/I | W80: 0.1 | X80: 0.1 | Y80: 6.6 | Z80: 0.5 | AA80: 0.7 | AB80: 6.5 | AC80: 7.2 | AD80: 37 | AE80: 300 | AF80: 15 | AG80: 206 | AH80: 17.1 | AI80: 1.8 | AJ80: 1.4 | AK80: 0.1 | AL80: 21.4 | AM80: 0
A81: 80 | B81: Carnes y Vísceras | C81: Conejo (fuente 1) | D81: 1 | E81: 136 | F81: 72.8 | G81: 0.7 | H81: 20.1 | I81: 0 | J81: S/I | K81: 0 | L81: 5.6 | M81: 1.66 | N81: 1.5 | O81: 1.08 | P81: S/I | Q81: 57 | R81: 0 | S81: 0 | T81: S/I | U81: S/I | V81: S/I | W81: 0.1 | X81: 0.2 | Y81: 7.3 | Z81: 0.5 | AA81: 0.8 | AB81: 7.2 | AC81: 8 | AD81: 41 | AE81: 330 | AF81: 13 | AG81: 213 | AH81: 19 | AI81: 1.6 | AJ81: 1.6 | AK81: 0.1 | AL81: 23.7 | AM81: 0
A82: 81 | B82: Carnes y Vísceras | C82: Conejo horneado | D82: 1 | E82: 197 | F82: 60.6 | G82: 1 | H82: 29.1 | I82: 0 | J82: S/I | K82: 0 | L82: 8.1 | M82: 2.4 | N82: 2.17 | O82: 1.56 | P82: S/I | Q82: 82 | R82: 0 | S82: 0 | T82: S/I | U82: S/I | V82: S/I | W82: 0.1 | X82: 0.2 | Y82: 8.4 | Z82: 0.5 | AA82: 0.9 | AB82: 8.3 | AC82: 11 | AD82: 47 | AE82: 383 | AF82: 19 | AG82: 263 | AH82: 21 | AI82: 2.3 | AJ82: 2.3 | AK82: 0.2 | AL82: 38.5 | AM82: 0
A83: 82 | B83: Carnes y Vísceras | C83: Filete de vacuno | D83: 2 | E83: 124 | F83: 72.7 | G83: 1.1 | H83: 21.2 | I83: 1.1 | J83: 0 | K83: 0 | L83: 3.9 | M83: 2.09 | N83: 1.62 | O83: 0.16 | P83: S/I | Q83: 65 | R83: 0 | S83: 0 | T83: S/I | U83: 0.3 | V83: 1.2 | W83: 0.1 | X83: 0.3 | Y83: 4.3 | Z83: 0.6 | AA83: 0.6 | AB83: 1 | AC83: 12.1 | AD83: 180 | AE83: 347 | AF83: 12 | AG83: 136 | AH83: 21.4 | AI83: 3.2 | AJ83: 3.7 | AK83: 0.1 | AL83: 25 | AM83: 0
A84: 83 | B84: Carnes y Vísceras | C84: Guachalomo | D84: 2 | E84: 128 | F84: 71.8 | G84: 1 | H84: 23.2 | I84: 0.2 | J84: 0 | K84: 0 | L84: 3.8 | M84: 2.04 | N84: 1.58 | O84: 0.16 | P84: S/I | Q84: 65 | R84: 0 | S84: 0 | T84: S/I | U84: 0.3 | V84: 1.2 | W84: 0.1 | X84: 0.3 | Y84: 4.7 | Z84: 0.6 | AA84: 0.7 | AB84: 2 | AC84: 13.7 | AD84: 107 | AE84: 515 | AF84: 9 | AG84: 135 | AH84: 24.3 | AI84: 1.5 | AJ84: 5.9 | AK84: 0.1 | AL84: 26.6 | AM84: 0
A85: 84 | B85: Carnes y Vísceras | C85: Lomo centro marinado | D85: 3 | E85: 116 | F85: 74.4 | G85: 1.2 | H85: 20.4 | I85: 0.3 | J85: 0.1 | K85: S/I | L85: 3.7 | M85: 1.44 | N85: 1.38 | O85: 0.73 | P85: 0 | Q85: 42.4 | R85: 0 | S85: 0 | T85: S/I | U85: 0.3 | V85: 1.1 | W85: 0.1 | X85: 0.1 | Y85: 6.4 | Z85: 0.6 | AA85: 0.6 | AB85: 1 | AC85: 11.7 | AD85: 202 | AE85: 317.9 | AF85: 22.4 | AG85: 189.5 | AH85: 21.6 | AI85: 1.5 | AJ85: 3.7 | AK85: 0.1 | AL85: 24.7 | AM85: 0
A86: 85 | B86: Carnes y Vísceras | C86: Lomo liso | D86: 2 | E86: 145 | F86: 70 | G86: 0.8 | H86: 23 | I86: 0.6 | J86: 0 | K86: 0 | L86: 5.6 | M86: 3.01 | N86: 2.33 | O86: 0.24 | P86: S/I | Q86: 53 | R86: 0 | S86: 0 | T86: S/I | U86: 0.3 | V86: 1.3 | W86: 0.1 | X86: 0.2 | Y86: 4.6 | Z86: 0.7 | AA86: 0.7 | AB86: 1.2 | AC86: 13.7 | AD86: 73 | AE86: 523 | AF86: 10 | AG86: 103 | AH86: 25.3 | AI86: 5.5 | AJ86: 4.3 | AK86: 0.1 | AL86: 28.9 | AM86: 0
A87: 86 | B87: Carnes y Vísceras | C87: Lomo vetado | D87: 2 | E87: 137 | F87: 70.8 | G87: 1.2 | H87: 21.8 | I87: 1.3 | J87: 0 | K87: 0 | L87: 4.9 | M87: 2.63 | N87: 2.04 | O87: 0.21 | P87: 0.21 | Q87: 66 | R87: 0 | S87: 0 | T87: 0.1 | U87: 0.1 | V87: 1.5 | W87: 0 | X87: 0.2 | Y87: 3 | Z87: 0.5 | AA87: 0.5 | AB87: 1.8 | AC87: 3.9 | AD87: 75 | AE87: 501 | AF87: 9 | AG87: 95 | AH87: 22.3 | AI87: 2.3 | AJ87: 5.5 | AK87: 0.1 | AL87: 26.5 | AM87: 0
A88: 87 | B88: Carnes y Vísceras | C88: Asiento picana | D88: 2 | E88: 123 | F88: 72 | G88: 1.1 | H88: 21.4 | I88: 2.4 | J88: 0 | K88: 0 | L88: 3.1 | M88: 1.59 | N88: 0.99 | O88: 0.13 | P88: 0.15 | Q88: 62 | R88: 2.1 | S88: 0 | T88: 0 | U88: 0.2 | V88: 1.6 | W88: 0.1 | X88: 0.2 | Y88: 3.9 | Z88: 0.7 | AA88: 0.4 | AB88: 1.7 | AC88: 4.1 | AD88: 73 | AE88: 548 | AF88: 11 | AG88: 135 | AH88: 12.4 | AI88: 1.3 | AJ88: 3.8 | AK88: 0 | AL88: 23 | AM88: 0
A89: 88 | B89: Carnes y Vísceras | C89: Plateada | D89: 2 | E89: 134 | F89: 72.4 | G89: 0.9 | H89: 20.3 | I89: 0.9 | J89: 0 | K89: 0 | L89: 5.5 | M89: 2.95 | N89: 2.29 | O89: 0.23 | P89: S/I | Q89: 61 | R89: 0 | S89: 0 | T89: S/I | U89: 0.3 | V89: 1.2 | W89: 0.1 | X89: 0.2 | Y89: 4.2 | Z89: 0.7 | AA89: 0.7 | AB89: 1.6 | AC89: 13.1 | AD89: 76 | AE89: 537 | AF89: 11 | AG89: 77 | AH89: 24.2 | AI89: 3 | AJ89: 4.2 | AK89: 0.1 | AL89: 28.4 | AM89: 0
A90: 89 | B90: Carnes y Vísceras | C90: Pollo ganso | D90: 2 | E90: 116 | F90: 73.6 | G90: 0.6 | H90: 22.2 | I90: 1.1 | J90: 0 | K90: 0 | L90: 2.5 | M90: 1.34 | N90: 1.04 | O90: 0.11 | P90: S/I | Q90: 59 | R90: 0 | S90: 0 | T90: S/I | U90: 0.3 | V90: 1.1 | W90: 0.1 | X90: 0.3 | Y90: 4.6 | Z90: 0.7 | AA90: 0.7 | AB90: 1.6 | AC90: 12.9 | AD90: 76 | AE90: 537 | AF90: 10 | AG90: 108 | AH90: 24.8 | AI90: 3.7 | AJ90: 4.3 | AK90: 0.1 | AL90: 28.6 | AM90: 0
A91: 90 | B91: Carnes y Vísceras | C91: Posta negra | D91: 2 | E91: 130 | F91: 70.7 | G91: 0.8 | H91: 23.6 | I91: 1.8 | J91: 0 | K91: 0 | L91: 3.1 | M91: 1.66 | N91: 1.29 | O91: 0.13 | P91: S/I | Q91: 73 | R91: 0 | S91: 0 | T91: S/I | U91: 0.3 | V91: 1.2 | W91: 0.1 | X91: 0.3 | Y91: 5.5 | Z91: 0.5 | AA91: 0.5 | AB91: 1.3 | AC91: 9.7 | AD91: 86 | AE91: 523 | AF91: 11 | AG91: 105 | AH91: 19.5 | AI91: 3.8 | AJ91: 3.4 | AK91: 0.1 | AL91: 21.9 | AM91: 0
A92: 91 | B92: Carnes y Vísceras | C92: Posta rosada | D92: 2 | E92: 127 | F92: 70.8 | G92: 0.9 | H92: 21.2 | I92: 4.3 | J92: 0 | K92: 0 | L92: 2.8 | M92: 1.5 | N92: 1.16 | O92: 0.12 | P92: S/I | Q92: 57 | R92: 0 | S92: 0 | T92: S/I | U92: 0.3 | V92: 1.3 | W92: 0.1 | X92: 0.2 | Y92: 3.7 | Z92: 0.7 | AA92: 0.7 | AB92: 1.7 | AC92: 13.7 | AD92: 92 | AE92: 496 | AF92: 10 | AG92: 115 | AH92: 25.2 | AI92: 0.6 | AJ92: 4.5 | AK92: 0.1 | AL92: 29.7 | AM92: 0
A93: 92 | B93: Carnes y Vísceras | C93: Cazuela de vacuno | D93: 2 | E93: 145 | F93: 70.1 | G93: 1 | H93: 22.3 | I93: 0.8 | J93: S/I | K93: 0 | L93: 5.8 | M93: 3.11 | N93: 2.41 | O93: 0.24 | P93: S/I | Q93: 39 | R93: 0 | S93: 0 | T93: S/I | U93: S/I | V93: S/I | W93: 0.1 | X93: 0.2 | Y93: 2.7 | Z93: 0.5 | AA93: 0.4 | AB93: 3.7 | AC93: 8.9 | AD93: 129 | AE93: 546 | AF93: 40 | AG93: 144 | AH93: 15.5 | AI93: 2.2 | AJ93: 7.7 | AK93: 0.1 | AL93: 19.6 | AM93: 0
A94: 93 | B94: Carnes y Vísceras | C94: Carne vacuno | D94: 1 | E94: 138 | F94: 70.7 | G94: 1 | H94: 23.6 | I94: 1.6 | J94: 0 | K94: 0 | L94: 3.1 | M94: 1.1 | N94: 1.3 | O94: 0.1 | P94: 0.15 | Q94: 68 | R94: 0 | S94: 0 | T94: 0 | U94: 0.3 | V94: 1.6 | W94: 0.1 | X94: 0.2 | Y94: 3.3 | Z94: 0.3 | AA94: 0.3 | AB94: 2.2 | AC94: 7.6 | AD94: 86 | AE94: 523 | AF94: 11 | AG94: 105 | AH94: 24.4 | AI94: 3.8 | AJ94: 5 | AK94: 0.1 | AL94: 15.3 | AM94: 0
A95: 94 | B95: Carnes y Vísceras | C95: Carne vacuno 5% MG | D95: 1 | E95: 174 | F95: 64.8 | G95: 0.9 | H95: 27.3 | I95: 0.6 | J95: 0 | K95: 0 | L95: 6.4 | M95: 2.79 | N95: 2.55 | O95: 0.31 | P95: 0.16 | Q95: 88 | R95: 3 | S95: 0 | T95: 0 | U95: 0.1 | V95: 1.3 | W95: 0 | X95: 0.2 | Y95: 5.5 | Z95: 0.4 | AA95: 0.7 | AB95: 2.5 | AC95: 6 | AD95: 58 | AE95: 315 | AF95: 8 | AG95: 199 | AH95: 22 | AI95: 3.1 | AJ95: 6.9 | AK95: 0.1 | AL95: 22.3 | AM95: 0
A96: 95 | B96: Carnes y Vísceras | C96: Carne vacuno 10% MG | D96: 1 | E96: 176 | F96: 69 | G96: 1 | H96: 20 | I96: 0 | J96: 0 | K96: 0 | L96: 10 | M96: 3.93 | N96: 4.19 | O96: 0.35 | P96: 0.54 | Q96: 65 | R96: 4 | S96: 0 | T96: 0.1 | U96: 0.2 | V96: 0.8 | W96: 0 | X96: 0.2 | Y96: 5.1 | Z96: 0.4 | AA96: 0.6 | AB96: 2.2 | AC96: 6 | AD96: 66 | AE96: 321 | AF96: 12 | AG96: 184 | AH96: 20 | AI96: 2.2 | AJ96: 4.8 | AK96: 0.1 | AL96: 16.6 | AM96: 0
A97: 96 | B97: Carnes y Vísceras | C97: Guatita | D97: 1 | E97: 98 | F97: 81.4 | G97: 0.8 | H97: 14.5 | I97: 0 | J97: 0 | K97: 0 | L97: 4 | M97: 2.03 | N97: 1.31 | O97: 0.07 | P97: 0.16 | Q97: 95 | R97: 0 | S97: 3.4 | T97: 0 | U97: 0.1 | V97: 0 | W97: 0 | X97: 0.2 | Y97: 0.1 | Z97: 0 | AA97: 0.6 | AB97: 1.5 | AC97: 2 | AD97: 46 | AE97: 270 | AF97: 9 | AG97: 79 | AH97: 8 | AI97: 2 | AJ97: 2.5 | AK97: 0.1 | AL97: 14.7 | AM97: 0
A98: 97 | B98: Carnes y Vísceras | C98: Molleja o contre de pollo cocido | D98: 1 | E98: 146 | F98: 67.3 | G98: 0.7 | H98: 27.1 | I98: 1.1 | J98: 0 | K98: S/I | L98: 3.7 | M98: 1.04 | N98: 0.93 | O98: 1.06 | P98: 0.18 | Q98: 194 | R98: 55.9 | S98: 1.6 | T98: 0 | U98: 0.2 | V98: 0 | W98: 0 | X98: 0.2 | Y98: 4 | Z98: 0.1 | AA98: 0.7 | AB98: 1.9 | AC98: 53.2 | AD98: 65 | AE98: 240 | AF98: 10 | AG98: 105 | AH98: 20 | AI98: 2.9 | AJ98: 4.4 | AK98: 0.1 | AL98: 11.7 | AM98: 0
A99: 98 | B99: Carnes y Vísceras | C99: Corazón de pollo cocido | D99: 1 | E99: 185 | F99: 64.9 | G99: 0.7 | H99: 26.4 | I99: 0.1 | J99: S/I | K99: 0 | L99: 7.9 | M99: 2.26 | N99: 2.01 | O99: 2.3 | P99: S/I | Q99: 242 | R99: 8 | S99: 1.8 | T99: S/I | U99: S/I | V99: S/I | W99: 0.1 | X99: 0.7 | Y99: 2.8 | Z99: 0.3 | AA99: 2.7 | AB99: 7.3 | AC99: 80 | AD99: 48 | AE99: 132 | AF99: 19 | AG99: 199 | AH99: 20 | AI99: 9 | AJ99: 7.3 | AK99: 0.5 | AL99: 8 | AM99: 0
A100: 99 | B100: Carnes y Vísceras | C100: Riñón de vacuno cocido | D100: 1 | E100: 144 | F100: 68.8 | G100: 1 | H100: 25.5 | I100: 1 | J100: 0 | K100: 0 | L100: 3.4 | M100: 1.09 | N100: 0.74 | O100: 0.74 | P100: 0.2 | Q100: 386 | R100: 373 | S100: 0.8 | T100: 1 | U100: 0 | V100: 0 | W100: 0.2 | X100: 4.1 | Y100: 6 | Z100: 0.5 | AA100: 1.7 | AB100: 51.3 | AC100: 98 | AD100: 133 | AE100: 179 | AF100: 17.1 | AG100: 306 | AH100: 18 | AI100: 7.3 | AJ100: 4.2 | AK100: 0.7 | AL100: 0 | AM100: 0
...

Sheet Fuentes
A1: Código | B1: Fuente
A2: 1 | B2: USDA Food Composition Databases (EE.UU.)
A3: 2 | B3: Tabla de Composición Química de Alimentos Chilenos (Schmidt-Hebbel y cols., 1990)
A4: 3 | B4: Análisis del Centro de Alimentos INTA, Universidad de Chile
A5: 4 | B5: Etiquetado nutricional de productos del mercado
A6: 6 | B6: Jury G. y cols. Porciones de intercambio y composición química de los alimentos de la Pirámide Alimentaria Chilena, 1997
B8: Valores por 100 g/ml de alimento. Transcrito de: Tabla de Composición de Alimentos, INTA – Universidad de Chile, 2018.
B9: S/I = sin información. 'Trazas' = cantidad mínima no cuantificada.
B10: Alcohol (g) solo aparece en la sección Bebidas Alcohólicas; en el resto queda S/I.
B11: En Cyclinex, Dialamine, Glutarex, Ketonex, Phenex, Propimex, Tyrex, PKU y MMA-PA las proteínas son aminoácidos (proteína equivalente).
B13: VALORES COMPLETADOS (celdas lila en cursiva en la pestaña Datos):
B14: Los S/I se completaron con USDA FoodData Central, SR Legacy (abril 2018), dominio público: https://fdc.nal.usda.gov/
B15: Cada producto se emparejó con el alimento USDA más parecido; la pestaña 'Valores completados' lista cada valor, el método y el alimento USDA.
B16: Vitaminas y minerales se ajustaron por materia seca: valor USDA × (100 − humedad del producto) / (100 − humedad USDA).
B17: Ácidos grasos: proporción USDA aplicada a los lípidos totales del producto. Azúcares nunca superan los HdeC disponibles.
B18: Humedad y cenizas faltantes se calcularon por diferencia con el resto de la composición. Alcohol = 0 en alimentos no alcohólicos.
B19: Quedan S/I cuando no hubo equivalente razonable (fórmulas especiales, platos preparados, algunos productos locales).
B20: Los valores originales de la tabla INTA no se modificaron. Son estimaciones: verifícalas antes de un uso clínico.

Sheet Lista
A1: Producto | B1: Coincidencia N° | C1: k | D1: Lista filtrada
A2: =Datos!C2 -> Leche materna | B2: =IF(ISNUMBER(SEARCH(Calculadora!$C$4,A2)),MAX(B$1:B1)+1,"") | C2: 1 | D2: =IFERROR(INDEX($A$2:$A$647,MATCH(C2,$B$2:$B$647,0)),"") -> Leche en polvo 26% MG con Vit. D
A3: =Datos!C3 -> Leche de burra | B3: =IF(ISNUMBER(SEARCH(Calculadora!$C$4,A3)),MAX(B$1:B2)+1,"") | C3: 2 | D3: =IFERROR(INDEX($A$2:$A$647,MATCH(C3,$B$2:$B$647,0)),"")
A4: =Datos!C4 -> Leche de cabra con Vit. D | B4: =IF(ISNUMBER(SEARCH(Calculadora!$C$4,A4)),MAX(B$1:B3)+1,"") | C4: 3 | D4: =IFERROR(INDEX($A$2:$A$647,MATCH(C4,$B$2:$B$647,0)),"")
A5: =Datos!C5 -> Leche fluida entera (fuente 1) | B5: =IF(ISNUMBER(SEARCH(Calculadora!$C$4,A5)),MAX(B$1:B4)+1,"") | C5: 4 | D5: =IFERROR(INDEX($A$2:$A$647,MATCH(C5,$B$2:$B$647,0)),"")
A6: =Datos!C6 -> Leche fluida entera (fuente 2) | B6: =IF(ISNUMBER(SEARCH(Calculadora!$C$4,A6)),MAX(B$1:B5)+1,"") | C6: 5 | D6: =IFERROR(INDEX($A$2:$A$647,MATCH(C6,$B$2:$B$647,0)),"")
A7: =Datos!C7 -> Leche entera con sabor | B7: =IF(ISNUMBER(SEARCH(Calculadora!$C$4,A7)),MAX(B$1:B6)+1,"") | C7: 6 | D7: =IFERROR(INDEX($A$2:$A$647,MATCH(C7,$B$2:$B$647,0)),"")
A8: =Datos!C8 -> Leche semidescremada | B8: =IF(ISNUMBER(SEARCH(Calculadora!$C$4,A8)),MAX(B$1:B7)+1,"") | C8: 7 | D8: =IFERROR(INDEX($A$2:$A$647,MATCH(C8,$B$2:$B$647,0)),"")
A9: =Datos!C9 -> Leche semidescremada con sabor | B9: =IF(ISNUMBER(SEARCH(Calculadora!$C$4,A9)),MAX(B$1:B8)+1,"") | C9: 8 | D9: =IFERROR(INDEX($A$2:$A$647,MATCH(C9,$B$2:$B$647,0)),"")
A10: =Datos!C10 -> Leche semidescremada con sabor chocolate | B10: =IF(ISNUMBER(SEARCH(Calculadora!$C$4,A10)),MAX(B$1:B9)+1,"") | C10: 9 | D10: =IFERROR(INDEX($A$2:$A$647,MATCH(C10,$B$2:$B$647,0)),"")
A11: =Datos!C11 -> Leche semidescremada con sabor frutilla | B11: =IF(ISNUMBER(SEARCH(Calculadora!$C$4,A11)),MAX(B$1:B10)+1,"") | C11: 10 | D11: =IFERROR(INDEX($A$2:$A$647,MATCH(C11,$B$2:$B$647,0)),"")
A12: =Datos!C12 -> Leche semidescremada sin lactosa | B12: =IF(ISNUMBER(SEARCH(Calculadora!$C$4,A12)),MAX(B$1:B11)+1,"") | C12: 11 | D12: =IFERROR(INDEX($A$2:$A$647,MATCH(C12,$B$2:$B$647,0)),"")
A13: =Datos!C13 -> Leche descremada (fuente 4) | B13: =IF(ISNUMBER(SEARCH(Calculadora!$C$4,A13)),MAX(B$1:B12)+1,"") | C13: 12 | D13: =IFERROR(INDEX($A$2:$A$647,MATCH(C13,$B$2:$B$647,0)),"")
... A431: =Datos!C431 -> Níspero | B431: =IF(ISNUMBER(SEARCH(Calculadora!$C$4,A431)),MAX(B$1:B430)+1,"") | C431: 430 | D431: =IFERROR(INDEX($A$2:$A$647,MATCH(C431,$B$2:$B$647,0)),"")
A432: =Datos!C433 -> Palta | B432: =IF(ISNUMBER(SEARCH(Calculadora!$C$4,A432)),MAX(B$1:B431)+1,"") | C432: 431 | D432: =IFERROR(INDEX($A$2:$A$647,MATCH(C432,$B$2:$B$647,0)),"")
A433: =Datos!C434 -> Palta hass | B433: =IF(ISNUMBER(SEARCH(Calculadora!$C$4,A433)),MAX(B$1:B432)+1,"") | C433: 432 | D433: =IFERROR(INDEX($A$2:$A$647,MATCH(C433,$B$2:$B$647,0)),"")
A434: =Datos!C435 -> Papaya | B434: =IF(ISNUMBER(SEARCH(Calculadora!$C$4,A434)),MAX(B$1:B433)+1,"") | C434: 433 | D434: =IFERROR(INDEX($A$2:$A$647,MATCH(C434,$B$2:$B$647,0)),"")
A435: =Datos!C436 -> Pasas | B435: =IF(ISNUMBER(SEARCH(Calculadora!$C$4,A435)),MAX(B$1:B434)+1,"") | C435: 434 | D435: =IFERROR(INDEX($A$2:$A$647,MATCH(C435,$B$2:$B$647,0)),"")
A436: =Datos!C437 -> Pepino dulce | B436: =IF(ISNUMBER(SEARCH(Calculadora!$C$4,A436)),MAX(B$1:B435)+1,"") | C436: 435 | D436: =IFERROR(INDEX($A$2:$A$647,MATCH(C436,$B$2:$B$647,0)),"")
A437: =Datos!C438 -> Azúcar | B437: =IF(ISNUMBER(SEARCH(Calculadora!$C$4,A437)),MAX(B$1:B436)+1,"") | C437: 436 | D437: =IFERROR(INDEX($A$2:$A$647,MATCH(C437,$B$2:$B$647,0)),"")
A438: =Datos!C439 -> Azúcar (contiene sorbitol) | B438: =IF(ISNUMBER(SEARCH(Calculadora!$C$4,A438)),MAX(B$1:B437)+1,"") | C438: 437 | D438: =IFERROR(INDEX($A$2:$A$647,MATCH(C438,$B$2:$B$647,0)),"")
A439: =Datos!C440 -> Azúcar flor | B439: =IF(ISNUMBER(SEARCH(Calculadora!$C$4,A439)),MAX(B$1:B438)+1,"") | C439: 438 | D439: =IFERROR(INDEX($A$2:$A$647,MATCH(C439,$B$2:$B$647,0)),"")
A440: =Datos!C441 -> Azúcar light con estevia | B440: =IF(ISNUMBER(SEARCH(Calculadora!$C$4,A440)),MAX(B$1:B439)+1,"") | C440: 439 | D440: =IFERROR(INDEX($A$2:$A$647,MATCH(C440,$B$2:$B$647,0)),"")
A441: =Datos!C442 -> Azúcar light con sucralosa | B441: =IF(ISNUMBER(SEARCH(Calculadora!$C$4,A441)),MAX(B$1:B440)+1,"") | C441: 440 | D441: =IFERROR(INDEX($A$2:$A$647,MATCH(C441,$B$2:$B$647,0)),"")
A442: =Datos!C443 -> Miel de abeja (fuente 3) | B442: =IF(ISNUMBER(SEARCH(Calculadora!$C$4,A442)),MAX(B$1:B441)+1,"") | C442: 441 | D442: =IFERROR(INDEX($A$2:$A$647,MATCH(C442,$B$2:$B$647,0)),"")
A443: =Datos!C444 -> Miel de abeja (fuente 2) | B443: =IF(ISNUMBER(SEARCH(Calculadora!$C$4,A443)),MAX(B$1:B442)+1,"") | C443: 442 | D443: =IFERROR(INDEX($A$2:$A$647,MATCH(C443,$B$2:$B$647,0)),"")
... A647: =Datos!C648 -> XPHEN TYR Maxamum | B647: =IF(ISNUMBER(SEARCH(Calculadora!$C$4,A647)),MAX(B$1:B646)+1,"") | C647: 646 | D647: =IFERROR(INDEX($A$2:$A$647,MATCH(C647,$B$2:$B$647,0)),"")

Sheet Valores completados
A1: Producto | B1: Nutriente | C1: Unidad | D1: Valor estimado | E1: Método | F1: Alimento USDA usado | G1: FDC ID
A2: Leche materna | B2: Alcohol | C2: g | D2: 0 | E2: 0: no es bebida alcohólica
A3: Leche de burra | B3: Alcohol | C3: g | D3: 0 | E3: 0: no es bebida alcohólica
A4: Leche de cabra con Vit. D | B4: Alcohol | C4: g | D4: 0 | E4: 0: no es bebida alcohólica
A5: Leche fluida entera (fuente 1) | B5: Azúcares totales | C5: g | D5: 4.7 | E5: USDA ajustado a materia seca | F5: Milk, whole, 3.25% milkfat, without added vitamin A and vitamin D | G5: 172217
A6: Leche fluida entera (fuente 1) | B6: Vitamina D | C6: ug | D6: 0.1 | E6: USDA ajustado a materia seca | F6: Milk, whole, 3.25% milkfat, without added vitamin A and vitamin D | G6: 172217
A7: Leche fluida entera (fuente 1) | B7: Vitamina E | C7: mg ET | D7: 0.1 | E7: USDA ajustado a materia seca | F7: Milk, whole, 3.25% milkfat, without added vitamin A and vitamin D | G7: 172217
A8: Leche fluida entera (fuente 1) | B8: Vitamina K | C8: ug | D8: 0.3 | E8: USDA ajustado a materia seca | F8: Milk, whole, 3.25% milkfat, without added vitamin A and vitamin D | G8: 172217
A9: Leche fluida entera (fuente 1) | B9: Alcohol | C9: g | D9: 0 | E9: 0: no es bebida alcohólica
A10: Leche fluida entera (fuente 2) | B10: Azúcares totales | C10: g | D10: 5.1 | E10: USDA ajustado a materia seca | F10: Milk, whole, 3.25% milkfat, without added vitamin A and vitamin D | G10: 172217
A11: Leche fluida entera (fuente 2) | B11: Vitamina D | C11: ug | D11: 0.1 | E11: USDA ajustado a materia seca | F11: Milk, whole, 3.25% milkfat, without added vitamin A and vitamin D | G11: 172217
A12: Leche fluida entera (fuente 2) | B12: Vitamina E | C12: mg ET | D12: 0.1 | E12: USDA ajustado a materia seca | F12: Milk, whole, 3.25% milkfat, without added vitamin A and vitamin D | G12: 172217
A13: Leche fluida entera (fuente 2) | B13: Vitamina K | C13: ug | D13: 0.3 | E13: USDA ajustado a materia seca | F13: Milk, whole, 3.25% milkfat, without added vitamin A and vitamin D | G13: 172217
A14: Leche fluida entera (fuente 2) | B14: Selenio | C14: ug | D14: 3.7 | E14: USDA ajustado a materia seca | F14: Milk, whole, 3.25% milkfat, without added vitamin A and vitamin D | G14: 172217
A15: Leche fluida entera (fuente 2) | B15: Alcohol | C15: g | D15: 0 | E15: 0: no es bebida alcohólica
A16: Leche entera con sabor | B16: Azúcares totales | C16: g | D16: 9.2 | E16: USDA ajustado a materia seca | F16: Milk, chocolate, fluid, commercial, whole, with added vitamin A and vitamin D | G16: 170879
A17: Leche entera con sabor | B17: Vitamina D | C17: ug | D17: 1.3 | E17: USDA ajustado a materia seca | F17: Milk, chocolate, fluid, commercial, whole, with added vitamin A and vitamin D | G17: 170879
A18: Leche entera con sabor | B18: Vitamina K | C18: ug | D18: 0.3 | E18: USDA ajustado a materia seca | F18: Milk, chocolate, fluid, commercial, whole, with added vitamin A and vitamin D | G18: 170879
A19: Leche entera con sabor | B19: Alcohol | C19: g | D19: 0 | E19: 0: no es bebida alcohólica
A20: Leche semidescremada | B20: Ác. grasos saturados | C20: g | D20: 0.83 | E20: USDA, proporcional a los lípidos totales del producto | F20: Milk, reduced fat, fluid, 2% milkfat, with added vitamin A and vitamin D | G20: 171267
A21: Leche semidescremada | B21: Ác. grasos monoinsaturados | C21: g | D21: 0.37 | E21: USDA, proporcional a los lípidos totales del producto | F21: Milk, reduced fat, fluid, 2% milkfat, with added vitamin A and vitamin D | G21: 171267
A22: Leche semidescremada | B22: Ác. grasos poliinsaturados | C22: g | D22: 0.05 | E22: USDA, proporcional a los lípidos totales del producto | F22: Milk, reduced fat, fluid, 2% milkfat, with added vitamin A and vitamin D | G22: 171267
A23: Leche semidescremada | B23: Ác. grasos trans | C23: g | D23: 0.06 | E23: USDA, proporcional a los lípidos totales del producto | F23: Milk, reduced fat, fluid, 2% milkfat, with added vitamin A and vitamin D | G23: 171267
A24: Leche semidescremada | B24: Colesterol | C24: mg | D24: 8 | E24: USDA | F24: Milk, reduced fat, fluid, 2% milkfat, with added vitamin A and vitamin D | G24: 171267
A25: Leche semidescremada | B25: Vitamina A | C25: ug EAR | D25: 50 | E25: USDA ajustado a materia seca | F25: Milk, reduced fat, fluid, 2% milkfat, with added vitamin A and vitamin D | G25: 171267
A26: Leche semidescremada | B26: Vitamina C | C26: mg | D26: 0.2 | E26: USDA ajustado a materia seca | F26: Milk, reduced fat, fluid, 2% milkfat, with added vitamin A and vitamin D | G26: 171267
A27: Leche semidescremada | B27: Vitamina D | C27: ug | D27: 1.1 | E27: USDA ajustado a materia seca | F27: Milk, reduced fat, fluid, 2% milkfat, with added vitamin A and vitamin D | G27: 171267
A28: Leche semidescremada | B28: Vitamina E | C28: mg ET | D28: 0 | E28: USDA ajustado a materia seca | F28: Milk, reduced fat, fluid, 2% milkfat, with added vitamin A and vitamin D | G28: 171267
A29: Leche semidescremada | B29: Vitamina K | C29: ug | D29: 0.2 | E29: USDA ajustado a materia seca | F29: Milk, reduced fat, fluid, 2% milkfat, with added vitamin A and vitamin D | G29: 171267
A30: Leche semidescremada | B30: Vitamina B1 | C30: mg | D30: 0 | E30: USDA ajustado a materia seca | F30: Milk, reduced fat, fluid, 2% milkfat, with added vitamin A and vitamin D | G30: 171267
A31: Leche semidescremada | B31: Vitamina B2 | C31: mg | D31: 0.2 | E31: USDA ajustado a materia seca | F31: Milk, reduced fat, fluid, 2% milkfat, with added vitamin A and vitamin D | G31: 171267
... A45: Leche semidescremada | B45: Selenio | C45: ug | D45: 2.3 | E45: USDA ajustado a materia seca | F45: Milk, reduced fat, fluid, 2% milkfat, with added vitamin A and vitamin D | G45: 171267
A46: Leche semidescremada | B46: Alcohol | C46: g | D46: 0 | E46: 0: no es bebida alcohólica
A47: Leche semidescremada con sabor | B47: Alcohol | C47: g | D47: 0 | E47: 0: no es bebida alcohólica
A48: Leche semidescremada con sabor chocolate | B48: Cenizas | C48: g | D48: 0.8 | E48: USDA ajustado a materia seca | F48: Milk, chocolate, lowfat, reduced sugar | G48: 170910
A49: Leche semidescremada con sabor chocolate | B49: Fibra dietética total | C49: g | D49: 0 | E49: USDA | F49: Milk, chocolate, lowfat, reduced sugar | G49: 170910
A50: Leche semidescremada con sabor chocolate | B50: Vitamina C | C50: mg | D50: 0 | E50: USDA | F50: Milk, chocolate, lowfat, reduced sugar | G50: 170910
A51: Leche semidescremada con sabor chocolate | B51: Vitamina K | C51: ug | D51: 0.1 | E51: USDA | F51: Milk, chocolate, lowfat, reduced sugar | G51: 170910
A52: Leche semidescremada con sabor chocolate | B52: Vitamina B1 | C52: mg | D52: 0 | E52: USDA | F52: Milk, chocolate, lowfat, reduced sugar | G52: 170910
A53: Leche semidescremada con sabor chocolate | B53: Vitamina B2 | C53: mg | D53: 0.2 | E53: USDA | F53: Milk, chocolate, lowfat, reduced sugar | G53: 170910
A54: Leche semidescremada con sabor chocolate | B54: Niacina | C54: mg EN | D54: 0.1 | E54: USDA | F54: Milk, chocolate, lowfat, reduced sugar | G54: 170910
A55: Leche semidescremada con sabor chocolate | B55: Vitamina B6 | C55: mg | D55: 0.1 | E55: USDA | F55: Milk, chocolate, lowfat, reduced sugar | G55: 170910
A56: Leche semidescremada con sabor chocolate | B56: Ác. pantoténico | C56: mg | D56: 0.5 | E56: USDA | F56: Milk, chocolate, lowfat, reduced sugar | G56: 170910
A57: Leche semidescremada con sabor chocolate | B57: Vitamina B12 | C57: ug | D57: 0.2 | E57: USDA | F57: Milk, chocolate, lowfat, reduced sugar | G57: 170910
A58: Leche semidescremada con sabor chocolate | B58: Folatos | C58: ug EFA | D58: 5 | E58: USDA | F58: Milk, chocolate, lowfat, reduced sugar | G58: 170910
A59: Leche semidescremada con sabor chocolate | B59: Potasio | C59: mg | D59: 168 | E59: USDA | F59: Milk, chocolate, lowfat, reduced sugar | G59: 170910
... A64: Leche semidescremada con sabor chocolate | B64: Selenio | C64: ug | D64: 1.9 | E64: USDA | F64: Milk, chocolate, lowfat, reduced sugar | G64: 170910
A65: Leche semidescremada con sabor chocolate | B65: Alcohol | C65: g | D65: 0 | E65: 0: no es bebida alcohólica
A66: Leche semidescremada con sabor chocolate | B66: Humedad | C66: g | D66: 88.6 | E66: por diferencia (100 − cenizas − proteínas − HdeC − fibra − lípidos − alcohol)
A67: Leche semidescremada con sabor frutilla | B67: Cenizas | C67: g | D67: 0.8 | E67: USDA ajustado a materia seca | F67: Milk, lowfat, fluid, 1% milkfat, with added vitamin A and vitamin D | G67: 170872
A68: Leche semidescremada con sabor frutilla | B68: Fibra dietética total | C68: g | D68: 0 | E68: USDA | F68: Milk, lowfat, fluid, 1% milkfat, with added vitamin A and vitamin D | G68: 170872
A69: Leche semidescremada con sabor frutilla | B69: Vitamina C | C69: mg | D69: 0 | E69: USDA | F69: Milk, lowfat, fluid, 1% milkfat, with added vitamin A and vitamin D | G69: 170872
A70: Leche semidescremada con sabor frutilla | B70: Vitamina K | C70: ug | D70: 0.1 | E70: USDA | F70: Milk, lowfat, fluid, 1% milkfat, with added vitamin A and vitamin D | G70: 170872
A71: Leche semidescremada con sabor frutilla | B71: Vitamina B1 | C71: mg | D71: 0 | E71: USDA | F71: Milk, lowfat, fluid, 1% milkfat, with added vitamin A and vitamin D | G71: 170872
A72: Leche semidescremada con sabor frutilla | B72: Vitamina B2 | C72: mg | D72: 0.2 | E72: USDA | F72: Milk, lowfat, fluid, 1% milkfat, with added vitamin A and vitamin D | G72: 170872
A73: Leche semidescremada con sabor frutilla | B73: Niacina | C73: mg EN | D73: 0.1 | E73: USDA | F73: Milk, lowfat, fluid, 1% milkfat, with added vitamin A and vitamin D | G73: 170872
A74: Leche semidescremada con sabor frutilla | B74: Vitamina B6 | C74: mg | D74: 0 | E74: USDA | F74: Milk, lowfat, fluid, 1% milkfat, with added vitamin A and vitamin D | G74: 170872
A75: Leche semidescremada con sabor frutilla | B75: Ác. pantoténico | C75: mg | D75: 0.4 | E75: USDA | F75: Milk, lowfat, fluid, 1% milkfat, with added vitamin A and vitamin D | G75: 170872
A76: Leche semidescremada con sabor frutilla | B76: Vitamina B12 | C76: ug | D76: 0.5 | E76: USDA | F76: Milk, lowfat, fluid, 1% milkfat, with added vitamin A and vitamin D | G76: 170872
A77: Leche semidescremada con sabor frutilla | B77: Folatos | C77: ug EFA | D77: 5 | E77: USDA | F77: Milk, lowfat, fluid, 1% milkfat, with added vitamin A and vitamin D | G77: 170872
A78: Leche semidescremada con sabor frutilla | B78: Potasio | C78: mg | D78: 150 | E78: USDA | F78: Milk, lowfat, fluid, 1% milkfat, with added vitamin A and vitamin D | G78: 170872
... A83: Leche semidescremada con sabor frutilla | B83: Selenio | C83: ug | D83: 3.3 | E83: USDA | F83: Milk, lowfat, fluid, 1% milkfat, with added vitamin A and vitamin D | G83: 170872
A84: Leche semidescremada con sabor frutilla | B84: Alcohol | C84: g | D84: 0 | E84: 0: no es bebida alcohólica
A85: Leche semidescremada con sabor frutilla | B85: Humedad | C85: g | D85: 88.2 | E85: por diferencia (100 − cenizas − proteínas − HdeC − fibra − lípidos − alcohol)
A86: Leche semidescremada sin lactosa | B86: Cenizas | C86: g | D86: 0.8 | E86: USDA ajustado a materia seca | F86: Milk, lowfat, fluid, 1% milkfat, with added vitamin A and vitamin D | G86: 170872
A87: Leche semidescremada sin lactosa | B87: Fibra dietética total | C87: g | D87: 0 | E87: USDA | F87: Milk, lowfat, fluid, 1% milkfat, with added vitamin A and vitamin D | G87: 170872
A88: Leche semidescremada sin lactosa | B88: Vitamina C | C88: mg | D88: 0 | E88: USDA | F88: Milk, lowfat, fluid, 1% milkfat, with added vitamin A and vitamin D | G88: 170872
A89: Leche semidescremada sin lactosa | B89: Vitamina E | C89: mg ET | D89: 0 | E89: USDA | F89: Milk, lowfat, fluid, 1% milkfat, with added vitamin A and vitamin D | G89: 170872
A90: Leche semidescremada sin lactosa | B90: Vitamina K | C90: ug | D90: 0.1 | E90: USDA | F90: Milk, lowfat, fluid, 1% milkfat, with added vitamin A and vitamin D | G90: 170872
A91: Leche semidescremada sin lactosa | B91: Vitamina B1 | C91: mg | D91: 0 | E91: USDA | F91: Milk, lowfat, fluid, 1% milkfat, with added vitamin A and vitamin D | G91: 170872
A92: Leche semidescremada sin lactosa | B92: Vitamina B2 | C92: mg | D92: 0.2 | E92: USDA | F92: Milk, lowfat, fluid, 1% milkfat, with added vitamin A and vitamin D | G92: 170872
A93: Leche semidescremada sin lactosa | B93: Niacina | C93: mg EN | D93: 0.1 | E93: USDA | F93: Milk, lowfat, fluid, 1% milkfat, with added vitamin A and vitamin D | G93: 170872
A94: Leche semidescremada sin lactosa | B94: Vitamina B6 | C94: mg | D94: 0 | E94: USDA | F94: Milk, lowfat, fluid, 1% milkfat, with added vitamin A and vitamin D | G94: 170872
A95: Leche semidescremada sin lactosa | B95: Ác. pantoténico | C95: mg | D95: 0.4 | E95: USDA | F95: Milk, lowfat, fluid, 1% milkfat, with added vitamin A and vitamin D | G95: 170872
A96: Leche semidescremada sin lactosa | B96: Vitamina B12 | C96: ug | D96: 0.5 | E96: USDA | F96: Milk, lowfat, fluid, 1% milkfat, with added vitamin A and vitamin D | G96: 170872
A97: Leche semidescremada sin lactosa | B97: Folatos | C97: ug EFA | D97: 5 | E97: USDA | F97: Milk, lowfat, fluid, 1% milkfat, with added vitamin A and vitamin D | G97: 170872
... A104: Leche semidescremada sin lactosa | B104: Selenio | C104: ug | D104: 3.3 | E104: USDA | F104: Milk, lowfat, fluid, 1% milkfat, with added vitamin A and vitamin D | G104: 170872
A105: Leche semidescremada sin lactosa | B105: Alcohol | C105: g | D105: 0 | E105: 0: no es bebida alcohólica
A106: Leche semidescremada sin lactosa | B106: Humedad | C106: g | D106: 90.2 | E106: por diferencia (100 − cenizas − proteínas − HdeC − fibra − lípidos − alcohol)
A107: Leche descremada (fuente 4) | B107: Cenizas | C107: g | D107: 0.8 | E107: USDA ajustado a materia seca | F107: Milk, nonfat, fluid, with added vitamin A and vitamin D (fat free or skim) | G107: 171269
A108: Leche descremada (fuente 4) | B108: Fibra dietética total | C108: g | D108: 0 | E108: USDA | F108: Milk, nonfat, fluid, with added vitamin A and vitamin D (fat free or skim) | G108: 171269
A109: Leche descremada (fuente 4) | B109: Vitamina A | C109: ug EAR | D109: 61 | E109: USDA | F109: Milk, nonfat, fluid, with added vitamin A and vitamin D (fat free or skim) | G109: 171269
A110: Leche descremada (fuente 4) | B110: Vitamina C | C110: mg | D110: 0 | E110: USDA | F110: Milk, nonfat, fluid, with added vitamin A and vitamin D (fat free or skim) | G110: 171269
A111: Leche descremada (fuente 4) | B111: Vitamina D | C111: ug | D111: 1.2 | E111: USDA | F111: Milk, nonfat, fluid, with added vitamin A and vitamin D (fat free or skim) | G111: 171269
A112: Leche descremada (fuente 4) | B112: Vitamina E | C112: mg ET | D112: 0 | E112: USDA | F112: Milk, nonfat, fluid, with added vitamin A and vitamin D (fat free or skim) | G112: 171269
A113: Leche descremada (fuente 4) | B113: Vitamina K | C113: ug | D113: 0 | E113: USDA | F113: Milk, nonfat, fluid, with added vitamin A and vitamin D (fat free or skim) | G113: 171269
A114: Leche descremada (fuente 4) | B114: Vitamina B1 | C114: mg | D114: 0 | E114: USDA | F114: Milk, nonfat, fluid, with added vitamin A and vitamin D (fat free or skim) | G114: 171269
A115: Leche descremada (fuente 4) | B115: Vitamina B2 | C115: mg | D115: 0.2 | E115: USDA | F115: Milk, nonfat, fluid, with added vitamin A and vitamin D (fat free or skim) | G115: 171269
A116: Leche descremada (fuente 4) | B116: Niacina | C116: mg EN | D116: 0.1 | E116: USDA | F116: Milk, nonfat, fluid, with added vitamin A and vitamin D (fat free or skim) | G116: 171269
A117: Leche descremada (fuente 4) | B117: Vitamina B6 | C117: mg | D117: 0 | E117: USDA | F117: Milk, nonfat, fluid, with added vitamin A and vitamin D (fat free or skim) | G117: 171269
A118: Leche descremada (fuente 4) | B118: Ác. pantoténico | C118: mg | D118: 0.4 | E118: USDA | F118: Milk, nonfat, fluid, with added vitamin A and vitamin D (fat free or skim) | G118: 171269
... A126: Leche descremada (fuente 4) | B126: Selenio | C126: ug | D126: 3.1 | E126: USDA | F126: Milk, nonfat, fluid, with added vitamin A and vitamin D (fat free or skim) | G126: 171269
A127: Leche descremada (fuente 4) | B127: Alcohol | C127: g | D127: 0 | E127: 0: no es bebida alcohólica
A128: Leche descremada (fuente 4) | B128: Humedad | C128: g | D128: 91.1 | E128: por diferencia (100 − cenizas − proteínas − HdeC − fibra − lípidos − alcohol)
A129: Leche descremada (fuente 1) | B129: Alcohol | C129: g | D129: 0 | E129: 0: no es bebida alcohólica
A130: Leche en polvo 26% MG | B130: Azúcares totales | C130: g | D130: 36.7 | E130: USDA ajustado a materia seca | F130: Milk, dry, whole, without added vitamin D | G130: 173454
A131: Leche en polvo 26% MG | B131: Vitamina D | C131: ug | D131: 0.5 | E131: USDA ajustado a materia seca | F131: Milk, dry, whole, without added vitamin D | G131: 173454
A132: Leche en polvo 26% MG | B132: Vitamina E | C132: mg ET | D132: 0.6 | E132: USDA ajustado a materia seca | F132: Milk, dry, whole, without added vitamin D | G132: 173454
A133: Leche en polvo 26% MG | B133: Vitamina K | C133: ug | D133: 2.2 | E133: USDA ajustado a materia seca | F133: Milk, dry, whole, without added vitamin D | G133: 173454
A134: Leche en polvo 26% MG | B134: Cobre | C134: mg | D134: 0.1 | E134: USDA ajustado a materia seca | F134: Milk, dry, whole, without added vitamin D | G134: 173454
...
